{
  "mnk_group_joined": {
    "sounds": [
        "custom:grou-a-player-joined"]
  },
  "mnk_group_left": {
    "sounds": [
        "custom:grou-a-player-left"]
  },
  "mnk_group_you_joined": {
    "sounds": [
        "custom:grou-player-joined"]
  },
  "mnk_group_you_left": {
    "sounds": [
        "custom:grou-player-left"]
  },
  "mnk_group_disbanded": {
    "sounds": [
        "custom:grou-deleted"]
  },
  "mnk_message": {
    "sounds": [
        "custom:grou-message"]
  },
  "mnk_message_mention": {
    "sounds": [
        "custom:grou-mention"]
  },
  "mnk_tparequest": {
    "sounds": [
        "custom:tpa-request"]
  },
  "mnk_welcome": {
    "sounds": [
        "custom:welcome-screen"]
  },
  "mnk_inventorysounds_load": {
    "sounds": [
        "custom:inventorysounds_load"]
  },
  "mnk_inventorysounds_save": {
    "sounds": [
        "custom:inventorysounds_save"]
  }
}