{
    "providers": [
		{
            "type": "bitmap",
            "file": "minecraft:rank/fondateur.png",
            "ascent": 7,
            "height": 7,
            "chars": ["\uE001"]
        },

        {
            "type": "bitmap",
            "file": "minecraft:rank/administrateur.png",
            "ascent": 7,
            "height": 7,
            "chars": ["\uE002"]
        },

        {
            "type": "bitmap",
            "file": "minecraft:rank/chef-mod.png",
            "ascent": 7,
            "height": 7,
            "chars": ["\uE003"]
        },

        {
            "type": "bitmap",
            "file": "minecraft:rank/chef-dev.png",
            "ascent": 7,
            "height": 7,
            "chars": ["\uE004"]
        },

        {
            "type": "bitmap",
            "file": "minecraft:rank/chef-builder.png",
            "ascent": 7,
            "height": 7,
            "chars": ["\uE005"]
        },

        {
            "type": "bitmap",
            "file": "minecraft:rank/builder.png",
            "ascent": 7,
            "height": 7,
            "chars": ["\uE006"]
        },

        {
            "type": "bitmap",
            "file": "minecraft:rank/dev.png",
            "ascent": 7,
            "height": 7,
            "chars": ["\uE007"]
        },

        {
            "type": "bitmap",
            "file": "minecraft:rank/noble.png",
            "ascent": 7,
            "height": 7,
            "chars": ["\uE008"]
        },

        {
            "type": "bitmap",
            "file": "minecraft:rank/bourgeois.png",
            "ascent": 7,
            "height": 7,
            "chars": ["\uE009"]
        },

        {
            "type": "bitmap",
            "file": "minecraft:rank/paysan.png",
            "ascent": 7,
            "height": 7,
            "chars": ["\uE010"]
        },

        {
            "type": "bitmap",
            "file": "minecraft:rank/joueur.png",
            "ascent": 7,
            "height": 7,
            "chars": ["\uE011"]
        },

        {
            "type": "bitmap",
            "file": "minecraft:rank/fondateur.png",
            "ascent": 6,
            "height": 6,
            "chars": ["\uE012"]
        },

        {
            "type": "bitmap",
            "file": "minecraft:rank/administrateur.png",
            "ascent": 6,
            "height": 6,
            "chars": ["\uE013"]
        },

        {
            "type": "bitmap",
            "file": "minecraft:rank/chef-mod.png",
            "ascent": 6,
            "height": 6,
            "chars": ["\uE014"]
        },

        {
            "type": "bitmap",
            "file": "minecraft:rank/chef-dev.png",
            "ascent": 6,
            "height": 6,
            "chars": ["\uE015"]
        },

        {
            "type": "bitmap",
            "file": "minecraft:rank/chef-builder.png",
            "ascent": 6,
            "height": 6,
            "chars": ["\uE016"]
        },

        {
            "type": "bitmap",
            "file": "minecraft:rank/builder.png",
            "ascent": 6,
            "height": 6,
            "chars": ["\uE017"]
        },

        {
            "type": "bitmap",
            "file": "minecraft:rank/dev.png",
            "ascent": 6,
            "height": 6,
            "chars": ["\uE018"]
        },

        {
            "type": "bitmap",
            "file": "minecraft:rank/noble.png",
            "ascent": 6,
            "height": 6,
            "chars": ["\uE019"]
        },

        {
            "type": "bitmap",
            "file": "minecraft:rank/bourgeois.png",
            "ascent": 6,
            "height": 6,
            "chars": ["\uE020"]
        },

        {
            "type": "bitmap",
            "file": "minecraft:rank/paysan.png",
            "ascent": 6,
            "height": 6,
            "chars": ["\uE021"]
        },

        {
            "type": "bitmap",
            "file": "minecraft:rank/joueur.png",
            "ascent": 6,
            "height": 6,
            "chars": ["\uE022"]
        },

        {
            "type": "bitmap",
            "file": "minecraft:rank/discord.png",
            "ascent": 8,
            "height": 8,
            "chars": ["\uEdd1"]
        },

        {
            "type": "bitmap",
            "file": "minecraft:gui/container/brewing_guide_left.png",
            "ascent": 13,
            "height": 166,
            "chars": [
                "\uEff1"
            ]
        },
        {
            "type": "bitmap",
            "file": "minecraft:gui/container/brewing_guide_right.png",
            "ascent": 13,
            "height": 166,
            "chars": [
                "\uEff2"
            ]
        },
        {
            "type": "bitmap",
            "file": "minecraft:misc/hunger_half.png",
            "ascent": 8,
            "height": 16,
            "chars": [
                "\uEff3"
            ]
        },
        {
            "type": "bitmap",
            "file": "minecraft:misc/hunger_full.png",
            "ascent": 8,
            "height": 16,
            "chars": [
                "\uEff4"
            ]
        },
        {
            "type": "bitmap",
            "file": "minecraft:misc/mnkacraft.png",
            "ascent": 8,
            "height": 48,
            "chars": [
                "\uEff5"
            ]
        },
        {
            "type": "bitmap",
            "file": "minecraft:misc/credit.png",
            "ascent": 27,
            "height": 48,
            "chars": [
                "\uEff6"
            ]
        },
        {
            "type": "bitmap",
            "file": "minecraft:misc/minecoin.png",
            "ascent": 27,
            "height": 48,
            "chars": [
                "\uE102"
            ]
        }
    ]
}