{
    "parent": "item/generated",
    "textures": {
        "layer0": "item/stick"
    },
    
    "overrides": [
        {"predicate": {"custom_model_data":1}, "model": "item/customgui/quickmenu/world_grass"},
        {"predicate": {"custom_model_data":2}, "model": "item/customgui/quickmenu/world_plage"},
        {"predicate": {"custom_model_data":3}, "model": "item/customgui/quickmenu/world_jungle"},
        {"predicate": {"custom_model_data":4}, "model": "item/customgui/quickmenu/world_savane"},
        {"predicate": {"custom_model_data":5}, "model": "item/customgui/quickmenu/home_bed"},
        {"predicate": {"custom_model_data":6}, "model": "item/customgui/quickmenu/staff_inventories"},
        {"predicate": {"custom_model_data":7}, "model": "item/customgui/quickmenu/world_minage"},
        {"predicate": {"custom_model_data":8}, "model": "item/customgui/quickmenu/world_staff"},
        {"predicate": {"custom_model_data":9}, "model": "item/customgui/quickmenu/world_lobby"}

    ]
}