{
	"credit": "Made with Blockbench",
	"textures": {
		"0": "block/plateonebean/plate",
		"1": "block/plateonebean/bean",
		"2": "block/plateonebean/ustencils",
		"particle": "block/plateonebean/plate"
	},
	"elements": [
		{
			"from": [0, 0, 0],
			"to": [16, 1, 16],
			"faces": {
				"north": {"uv": [0, 0, 16, 1], "texture": "#0"},
				"east": {"uv": [0, 0, 16, 1], "texture": "#0"},
				"south": {"uv": [0, 0, 16, 1], "texture": "#0"},
				"west": {"uv": [0, 0, 16, 1], "texture": "#0"},
				"up": {"uv": [0, 0, 16, 16], "texture": "#0"},
				"down": {"uv": [0, 0, 16, 16], "texture": "#0"}
			}
		},
		{
			"from": [-1, 0, 0],
			"to": [0, 3, 16],
			"faces": {
				"north": {"uv": [0, 0, 1, 3], "texture": "#0"},
				"east": {"uv": [0, 0, 16, 3], "texture": "#0"},
				"south": {"uv": [0, 0, 1, 3], "texture": "#0"},
				"west": {"uv": [0, 0, 16, 3], "texture": "#0"},
				"up": {"uv": [0, 0, 1, 16], "texture": "#0"},
				"down": {"uv": [0, 0, 1, 16], "texture": "#0"}
			}
		},
		{
			"from": [16, 0, 0],
			"to": [17, 3, 16],
			"faces": {
				"north": {"uv": [0, 0, 1, 3], "texture": "#0"},
				"east": {"uv": [0, 0, 16, 3], "texture": "#0"},
				"south": {"uv": [0, 0, 1, 3], "texture": "#0"},
				"west": {"uv": [0, 0, 16, 3], "texture": "#0"},
				"up": {"uv": [0, 0, 1, 16], "texture": "#0"},
				"down": {"uv": [0, 0, 1, 16], "texture": "#0"}
			}
		},
		{
			"from": [0, 0, -1],
			"to": [16, 3, 0],
			"faces": {
				"north": {"uv": [0, 0, 16, 3], "texture": "#0"},
				"east": {"uv": [0, 0, 1, 3], "texture": "#0"},
				"south": {"uv": [0, 0, 16, 3], "texture": "#0"},
				"west": {"uv": [0, 0, 1, 3], "texture": "#0"},
				"up": {"uv": [0, 0, 1, 16], "rotation": 270, "texture": "#0"},
				"down": {"uv": [0, 0, 1, 16], "rotation": 90, "texture": "#0"}
			}
		},
		{
			"from": [0, 0, 16],
			"to": [16, 3, 17],
			"faces": {
				"north": {"uv": [0, 0, 16, 3], "texture": "#0"},
				"east": {"uv": [0, 0, 1, 3], "texture": "#0"},
				"south": {"uv": [0, 0, 16, 3], "texture": "#0"},
				"west": {"uv": [0, 0, 1, 3], "texture": "#0"},
				"up": {"uv": [0, 0, 1, 16], "rotation": 270, "texture": "#0"},
				"down": {"uv": [0, 0, 1, 16], "rotation": 90, "texture": "#0"}
			}
		},
		{
			"from": [8, 1, 7],
			"to": [9, 2, 9],
			"rotation": {"angle": 22.5, "axis": "y", "origin": [10.21429, 1.67857, 8.96429]},
			"faces": {
				"north": {"uv": [1, 2, 2, 3], "texture": "#1"},
				"east": {"uv": [0, 0, 2, 1], "texture": "#1"},
				"south": {"uv": [2, 2, 3, 3], "texture": "#1"},
				"west": {"uv": [0, 1, 2, 2], "texture": "#1"},
				"up": {"uv": [1, 4, 0, 2], "texture": "#1"},
				"down": {"uv": [3, 0, 2, 2], "texture": "#1"}
			}
		},
		{
			"from": [23.6115, 0, -3.31245],
			"to": [24.6115, 1, 7.68755],
			"rotation": {"angle": -22.5, "axis": "y", "origin": [13.46568, 0.5, 11.03461]},
			"faces": {
				"north": {"uv": [0, 0, 1, 1], "texture": "#2"},
				"east": {"uv": [0, 0, 11, 1], "texture": "#2"},
				"south": {"uv": [0, 0, 1, 1], "texture": "#2"},
				"west": {"uv": [0, 0, 11, 1], "texture": "#2"},
				"up": {"uv": [0, 0, 1, 11], "texture": "#2"},
				"down": {"uv": [0, 0, 1, 11], "texture": "#2"}
			}
		},
		{
			"from": [-5.14738, 0, -7.7445],
			"to": [-4.39738, 1, 4.2555],
			"rotation": {"angle": 22.5, "axis": "y", "origin": [13.46568, 0.5, 11.03461]},
			"faces": {
				"north": {"uv": [0, 0, 0.75, 1], "texture": "#2"},
				"east": {"uv": [0, 0, 12, 1], "texture": "#2"},
				"south": {"uv": [0, 0, 0.75, 1], "texture": "#2"},
				"west": {"uv": [0, 0, 12, 1], "texture": "#2"},
				"up": {"uv": [0, 0, 0.75, 12], "texture": "#2"},
				"down": {"uv": [0, 0, 0.75, 12], "texture": "#2"}
			}
		},
		{
			"from": [-5.64738, 0, -3.7445],
			"to": [-5.14738, 1, 4.2555],
			"rotation": {"angle": 22.5, "axis": "y", "origin": [13.46568, 0.5, 11.03461]},
			"faces": {
				"north": {"uv": [0, 0, 0.5, 1], "texture": "#2"},
				"east": {"uv": [0, 0, 8, 1], "texture": "#2"},
				"south": {"uv": [0, 0, 0.5, 1], "texture": "#2"},
				"west": {"uv": [0, 0, 8, 1], "texture": "#2"},
				"up": {"uv": [0, 0, 0.5, 8], "texture": "#2"},
				"down": {"uv": [0, 0, 0.5, 8], "texture": "#2"}
			}
		},
		{
			"from": [-6.64738, 0, -1.7445],
			"to": [-6.14738, 1, 3.2555],
			"rotation": {"angle": 22.5, "axis": "y", "origin": [13.46568, 0.5, 11.03461]},
			"faces": {
				"north": {"uv": [0, 0, 0.5, 1], "texture": "#2"},
				"east": {"uv": [0, 0, 5, 1], "texture": "#2"},
				"south": {"uv": [0, 0, 0.5, 1], "texture": "#2"},
				"west": {"uv": [0, 0, 5, 1], "texture": "#2"},
				"up": {"uv": [0, 0, 0.5, 5], "texture": "#2"},
				"down": {"uv": [0, 0, 0.5, 5], "texture": "#2"}
			}
		},
		{
			"from": [-6.14738, 0, -2.2445],
			"to": [-5.64738, 1, 3.7555],
			"rotation": {"angle": 22.5, "axis": "y", "origin": [13.46568, 0.5, 11.03461]},
			"faces": {
				"north": {"uv": [0, 0, 0.5, 1], "texture": "#2"},
				"east": {"uv": [0, 0, 6, 1], "texture": "#2"},
				"south": {"uv": [0, 0, 0.5, 1], "texture": "#2"},
				"west": {"uv": [0, 0, 6, 1], "texture": "#2"},
				"up": {"uv": [0, 0, 0.5, 6], "texture": "#2"},
				"down": {"uv": [0, 0, 0.5, 6], "texture": "#2"}
			}
		},
		{
			"from": [22.1115, 0, 7.68755],
			"to": [26.1115, 1, 8.68755],
			"rotation": {"angle": -22.5, "axis": "y", "origin": [13.46568, 0.5, 11.03461]},
			"faces": {
				"north": {"uv": [0, 0, 4, 1], "texture": "#2"},
				"east": {"uv": [0, 0, 1, 1], "texture": "#2"},
				"south": {"uv": [0, 0, 4, 1], "texture": "#2"},
				"west": {"uv": [0, 0, 1, 1], "texture": "#2"},
				"up": {"uv": [0, 0, 4, 1], "texture": "#2"},
				"down": {"uv": [0, 0, 4, 1], "texture": "#2"}
			}
		},
		{
			"from": [22.6115, 0, 6.68755],
			"to": [23.6115, 1, 7.68755],
			"rotation": {"angle": -22.5, "axis": "y", "origin": [13.46568, 0.5, 11.03461]},
			"faces": {
				"north": {"uv": [0, 0, 1, 1], "texture": "#2"},
				"east": {"uv": [0, 0, 1, 1], "texture": "#2"},
				"south": {"uv": [0, 0, 1, 1], "texture": "#2"},
				"west": {"uv": [0, 0, 1, 1], "texture": "#2"},
				"up": {"uv": [0, 0, 1, 1], "texture": "#2"},
				"down": {"uv": [0, 0, 1, 1], "texture": "#2"}
			}
		},
		{
			"from": [24.6115, 0, 6.68755],
			"to": [25.6115, 1, 7.68755],
			"rotation": {"angle": -22.5, "axis": "y", "origin": [13.46568, 0.5, 11.03461]},
			"faces": {
				"north": {"uv": [0, 0, 1, 1], "texture": "#2"},
				"east": {"uv": [0, 0, 1, 1], "texture": "#2"},
				"south": {"uv": [0, 0, 1, 1], "texture": "#2"},
				"west": {"uv": [0, 0, 1, 1], "texture": "#2"},
				"up": {"uv": [0, 0, 1, 1], "texture": "#2"},
				"down": {"uv": [0, 0, 1, 1], "texture": "#2"}
			}
		},
		{
			"from": [25.6115, 0, 8.68755],
			"to": [26.1115, 1, 11.68755],
			"rotation": {"angle": -22.5, "axis": "y", "origin": [13.46568, 0.5, 11.03461]},
			"faces": {
				"north": {"uv": [0, 0, 0.5, 1], "texture": "#2"},
				"east": {"uv": [0, 0, 3, 1], "texture": "#2"},
				"south": {"uv": [0, 0, 0.5, 1], "texture": "#2"},
				"west": {"uv": [0, 0, 3, 1], "texture": "#2"},
				"up": {"uv": [0, 0, 0.5, 3], "texture": "#2"},
				"down": {"uv": [0, 0, 0.5, 3], "texture": "#2"}
			}
		},
		{
			"from": [24.3615, 0, 8.68755],
			"to": [24.8615, 1, 11.68755],
			"rotation": {"angle": -22.5, "axis": "y", "origin": [13.46568, 0.5, 11.03461]},
			"faces": {
				"north": {"uv": [0, 0, 0.5, 1], "texture": "#2"},
				"east": {"uv": [0, 0, 3, 1], "texture": "#2"},
				"south": {"uv": [0, 0, 0.5, 1], "texture": "#2"},
				"west": {"uv": [0, 0, 3, 1], "texture": "#2"},
				"up": {"uv": [0, 0, 0.5, 3], "texture": "#2"},
				"down": {"uv": [0, 0, 0.5, 3], "texture": "#2"}
			}
		},
		{
			"from": [23.3615, 0, 8.68755],
			"to": [23.8615, 1, 11.68755],
			"rotation": {"angle": -22.5, "axis": "y", "origin": [13.46568, 0.5, 11.03461]},
			"faces": {
				"north": {"uv": [0, 0, 0.5, 1], "texture": "#2"},
				"east": {"uv": [0, 0, 3, 1], "texture": "#2"},
				"south": {"uv": [0, 0, 0.5, 1], "texture": "#2"},
				"west": {"uv": [0, 0, 3, 1], "texture": "#2"},
				"up": {"uv": [0, 0, 0.5, 3], "texture": "#2"},
				"down": {"uv": [0, 0, 0.5, 3], "texture": "#2"}
			}
		},
		{
			"from": [22.1115, 0, 8.68755],
			"to": [22.6115, 1, 11.68755],
			"rotation": {"angle": -22.5, "axis": "y", "origin": [13.46568, 0.5, 11.03461]},
			"faces": {
				"north": {"uv": [0, 0, 0.5, 1], "texture": "#2"},
				"east": {"uv": [0, 0, 3, 1], "texture": "#2"},
				"south": {"uv": [0, 0, 0.5, 1], "texture": "#2"},
				"west": {"uv": [0, 0, 3, 1], "texture": "#2"},
				"up": {"uv": [0, 0, 0.5, 3], "texture": "#2"},
				"down": {"uv": [0, 0, 0.5, 3], "texture": "#2"}
			}
		}
	],
	"display": {
		"fixed": {
			"rotation": [-90, 0, 0],
			"translation": [0, 0, -16],
			"scale": [2, 2, 2]
		}
	}
}