{
	"credit": "Made with Blockbench",
	"parent": "iron_nugget",
	"textures": {
		"0": "block/door/door3",
		"particle": "block/door/door3"
	},
	"elements": [
		{
			"from": [4, 0.25, 7],
			"to": [5, 2, 7.75],
			"faces": {
				"north": {"uv": [5, 6, 6, 7.75], "texture": "#0"},
				"east": {"uv": [5, 6, 5.75, 7.75], "texture": "#0"},
				"south": {"uv": [5, 6, 6, 7.75], "texture": "#0"},
				"west": {"uv": [5, 6, 5.75, 7.75], "texture": "#0"},
				"up": {"uv": [5, 6, 6, 6.75], "texture": "#0"},
				"down": {"uv": [5, 6, 6, 6.75], "texture": "#0"}
			}
		},
		{
			"from": [0, 0.5, 7],
			"to": [1, 2, 7.75],
			"faces": {
				"north": {"uv": [5, 6, 6, 7.5], "texture": "#0"},
				"east": {"uv": [5, 6, 5.75, 7.5], "texture": "#0"},
				"south": {"uv": [5, 6, 6, 7.5], "texture": "#0"},
				"west": {"uv": [5, 6, 5.75, 7.5], "texture": "#0"},
				"up": {"uv": [5, 6, 6, 6.75], "texture": "#0"},
				"down": {"uv": [5, 6, 6, 6.75], "texture": "#0"}
			}
		},
		{
			"from": [2.25, 0.25, 7],
			"to": [2.5, 1, 7.75],
			"faces": {
				"north": {"uv": [5, 6, 5.25, 6.75], "texture": "#0"},
				"east": {"uv": [5, 6, 5.75, 6.75], "texture": "#0"},
				"south": {"uv": [5, 6, 5.25, 6.75], "texture": "#0"},
				"west": {"uv": [5, 6, 5.75, 6.75], "texture": "#0"},
				"up": {"uv": [5, 6, 5.25, 6.75], "texture": "#0"},
				"down": {"uv": [5, 6, 5.25, 6.75], "texture": "#0"}
			}
		},
		{
			"from": [3.25, 0.25, 7],
			"to": [3.5, 1, 7.75],
			"faces": {
				"north": {"uv": [5, 6, 5.25, 6.75], "texture": "#0"},
				"east": {"uv": [5, 6, 5.75, 6.75], "texture": "#0"},
				"south": {"uv": [5, 6, 5.25, 6.75], "texture": "#0"},
				"west": {"uv": [5, 6, 5.75, 6.75], "texture": "#0"},
				"up": {"uv": [5, 6, 5.25, 6.75], "texture": "#0"},
				"down": {"uv": [5, 6, 5.25, 6.75], "texture": "#0"}
			}
		},
		{
			"from": [2.5, 0.5, 7],
			"to": [2.75, 1, 7.75],
			"faces": {
				"north": {"uv": [5, 6, 5.25, 6.5], "texture": "#0"},
				"east": {"uv": [5, 6, 5.75, 6.5], "texture": "#0"},
				"south": {"uv": [5, 6, 5.25, 6.5], "texture": "#0"},
				"west": {"uv": [5, 6, 5.75, 6.5], "texture": "#0"},
				"up": {"uv": [5, 6, 5.25, 6.75], "texture": "#0"},
				"down": {"uv": [5, 6, 5.25, 6.75], "texture": "#0"}
			}
		},
		{
			"from": [1.5, 0.5, 7],
			"to": [1.75, 1, 7.75],
			"faces": {
				"north": {"uv": [5, 6, 5.25, 6.5], "texture": "#0"},
				"east": {"uv": [5, 6, 5.75, 6.5], "texture": "#0"},
				"south": {"uv": [5, 6, 5.25, 6.5], "texture": "#0"},
				"west": {"uv": [5, 6, 5.75, 6.5], "texture": "#0"},
				"up": {"uv": [5, 6, 5.25, 6.75], "texture": "#0"},
				"down": {"uv": [5, 6, 5.25, 6.75], "texture": "#0"}
			}
		},
		{
			"from": [1, 1, 7],
			"to": [4, 2, 7.75],
			"faces": {
				"north": {"uv": [5, 6, 8, 7], "texture": "#0"},
				"east": {"uv": [5, 6, 5.75, 7], "texture": "#0"},
				"south": {"uv": [5, 6, 8, 7], "texture": "#0"},
				"west": {"uv": [5, 6, 5.75, 7], "texture": "#0"},
				"up": {"uv": [5, 6, 8, 6.75], "texture": "#0"},
				"down": {"uv": [5, 6, 8, 6.75], "texture": "#0"}
			}
		},
		{
			"from": [5, 1, 7],
			"to": [7, 2, 7.75],
			"faces": {
				"north": {"uv": [5, 6, 7, 7], "texture": "#0"},
				"east": {"uv": [5, 6, 5.75, 7], "texture": "#0"},
				"south": {"uv": [5, 6, 7, 7], "texture": "#0"},
				"west": {"uv": [5, 6, 5.75, 7], "texture": "#0"},
				"up": {"uv": [5, 6, 7, 6.75], "texture": "#0"},
				"down": {"uv": [5, 6, 7, 6.75], "texture": "#0"}
			}
		},
		{
			"from": [7, 0.75, 7],
			"to": [7.75, 2.25, 7.75],
			"rotation": {"angle": 0, "axis": "y", "origin": [6, 1.5, 7.375]},
			"faces": {
				"north": {"uv": [5, 6, 6.5, 6.75], "rotation": 90, "texture": "#0"},
				"east": {"uv": [5, 6, 6.5, 6.75], "rotation": 270, "texture": "#0"},
				"south": {"uv": [5, 6, 6.5, 6.75], "rotation": 270, "texture": "#0"},
				"west": {"uv": [5, 6, 6.5, 6.75], "rotation": 270, "texture": "#0"},
				"up": {"uv": [5, 6, 5.75, 6.75], "rotation": 270, "texture": "#0"},
				"down": {"uv": [5, 6, 5.75, 6.75], "rotation": 270, "texture": "#0"}
			}
		},
		{
			"from": [9, 0.75, 7],
			"to": [9.75, 2.25, 7.75],
			"rotation": {"angle": 0, "axis": "y", "origin": [6, 1.5, 7.375]},
			"faces": {
				"north": {"uv": [5, 6, 6.5, 6.75], "rotation": 90, "texture": "#0"},
				"east": {"uv": [5, 6, 6.5, 6.75], "rotation": 270, "texture": "#0"},
				"south": {"uv": [5, 6, 6.5, 6.75], "rotation": 270, "texture": "#0"},
				"west": {"uv": [5, 6, 6.5, 6.75], "rotation": 270, "texture": "#0"},
				"up": {"uv": [5, 6, 5.75, 6.75], "rotation": 270, "texture": "#0"},
				"down": {"uv": [5, 6, 5.75, 6.75], "rotation": 270, "texture": "#0"}
			}
		},
		{
			"from": [7.625, 2.25, 7],
			"to": [9.125, 2.75, 7.75],
			"rotation": {"angle": 0, "axis": "y", "origin": [8.5, 1.5, 7.375]},
			"faces": {
				"north": {"uv": [5, 6, 6.5, 6.5], "rotation": 180, "texture": "#0"},
				"east": {"uv": [5, 6, 5.75, 6.5], "rotation": 180, "texture": "#0"},
				"south": {"uv": [5, 6, 6.5, 6.5], "rotation": 180, "texture": "#0"},
				"west": {"uv": [5, 6, 5.75, 6.5], "rotation": 180, "texture": "#0"},
				"up": {"uv": [5, 6, 6.5, 6.75], "rotation": 180, "texture": "#0"},
				"down": {"uv": [5, 6, 6.5, 6.75], "rotation": 180, "texture": "#0"}
			}
		},
		{
			"from": [7.375, 2.25, 7],
			"to": [7.625, 2.5, 7.75],
			"rotation": {"angle": 0, "axis": "y", "origin": [8.5, 1.5, 7.375]},
			"faces": {
				"north": {"uv": [5, 6, 5.25, 6.25], "rotation": 180, "texture": "#0"},
				"east": {"uv": [5, 6, 5.75, 6.25], "rotation": 180, "texture": "#0"},
				"south": {"uv": [5, 6, 5.25, 6.25], "rotation": 180, "texture": "#0"},
				"west": {"uv": [5, 6, 5.75, 6.25], "rotation": 180, "texture": "#0"},
				"up": {"uv": [5, 6, 5.25, 6.75], "rotation": 180, "texture": "#0"},
				"down": {"uv": [5, 6, 5.25, 6.75], "rotation": 180, "texture": "#0"}
			}
		},
		{
			"from": [9.125, 2.25, 7],
			"to": [9.375, 2.5, 7.75],
			"rotation": {"angle": 0, "axis": "y", "origin": [8.5, 1.5, 7.375]},
			"faces": {
				"north": {"uv": [5, 6, 5.25, 6.25], "rotation": 180, "texture": "#0"},
				"east": {"uv": [5, 6, 5.75, 6.25], "rotation": 180, "texture": "#0"},
				"south": {"uv": [5, 6, 5.25, 6.25], "rotation": 180, "texture": "#0"},
				"west": {"uv": [5, 6, 5.75, 6.25], "rotation": 180, "texture": "#0"},
				"up": {"uv": [5, 6, 5.25, 6.75], "rotation": 180, "texture": "#0"},
				"down": {"uv": [5, 6, 5.25, 6.75], "rotation": 180, "texture": "#0"}
			}
		},
		{
			"from": [9.125, 0.5, 7],
			"to": [9.375, 0.75, 7.75],
			"rotation": {"angle": 0, "axis": "y", "origin": [8.5, 1.5, 7.375]},
			"faces": {
				"north": {"uv": [5, 6, 5.25, 6.25], "rotation": 180, "texture": "#0"},
				"east": {"uv": [5, 6, 5.75, 6.25], "rotation": 180, "texture": "#0"},
				"south": {"uv": [5, 6, 5.25, 6.25], "rotation": 180, "texture": "#0"},
				"west": {"uv": [5, 6, 5.75, 6.25], "rotation": 180, "texture": "#0"},
				"up": {"uv": [5, 6, 5.25, 6.75], "rotation": 180, "texture": "#0"},
				"down": {"uv": [5, 6, 5.25, 6.75], "rotation": 180, "texture": "#0"}
			}
		},
		{
			"from": [7.375, 0.5, 7],
			"to": [7.625, 0.75, 7.75],
			"rotation": {"angle": 0, "axis": "y", "origin": [8.5, 1.5, 7.375]},
			"faces": {
				"north": {"uv": [5, 6, 5.25, 6.25], "rotation": 180, "texture": "#0"},
				"east": {"uv": [5, 6, 5.75, 6.25], "rotation": 180, "texture": "#0"},
				"south": {"uv": [5, 6, 5.25, 6.25], "rotation": 180, "texture": "#0"},
				"west": {"uv": [5, 6, 5.75, 6.25], "rotation": 180, "texture": "#0"},
				"up": {"uv": [5, 6, 5.25, 6.75], "rotation": 180, "texture": "#0"},
				"down": {"uv": [5, 6, 5.25, 6.75], "rotation": 180, "texture": "#0"}
			}
		},
		{
			"from": [7.625, 0.25, 7],
			"to": [9.125, 0.75, 7.75],
			"rotation": {"angle": 0, "axis": "y", "origin": [8.5, 1.5, 7.375]},
			"faces": {
				"north": {"uv": [5, 6, 6.5, 6.5], "rotation": 180, "texture": "#0"},
				"east": {"uv": [5, 6, 5.75, 6.5], "rotation": 180, "texture": "#0"},
				"south": {"uv": [5, 6, 6.5, 6.5], "rotation": 180, "texture": "#0"},
				"west": {"uv": [5, 6, 5.75, 6.5], "rotation": 180, "texture": "#0"},
				"up": {"uv": [5, 6, 6.5, 6.75], "rotation": 180, "texture": "#0"},
				"down": {"uv": [5, 6, 6.5, 6.75], "rotation": 180, "texture": "#0"}
			}
		}
	],
	"display": {
		"thirdperson_righthand": {
			"rotation": [99, -82, 0],
			"translation": [0, -2.25, 6.5]
		},
		"thirdperson_lefthand": {
			"rotation": [99, 82, 0],
			"translation": [0, -2.25, 6.5]
		},
		"firstperson_righthand": {
			"rotation": [0, -86, 0],
			"translation": [0, 9, 0]
		},
		"firstperson_lefthand": {
			"rotation": [0, 86, 0],
			"translation": [0, 9, 0]
		},
		"gui": {
			"translation": [3.25, 6, 0]
		},
		"fixed": {
			"translation": [4.25, 6.75, 0]
		}
	}
}