{
    "providers": [
        {
            "type": "ttf",
            "file": "minecraft:mnkacraftbasic-5.ttf",
            "shift": [0, 0.5],
            "size": 11.0,
            "oversample": 6.0,
            "skip": ""
        },
		{
            "type": "bitmap",
            "file": "minecraft:rank/fondateur.png",
            "ascent": 7,
            "height": 7,
            "chars": ["\uE001"]
        },

        {
            "type": "bitmap",
            "file": "minecraft:rank/administrateur.png",
            "ascent": 7,
            "height": 7,
            "chars": ["\uE002"]
        },

        {
            "type": "bitmap",
            "file": "minecraft:rank/chef-mod.png",
            "ascent": 7,
            "height": 7,
            "chars": ["\uE003"]
        },

        {
            "type": "bitmap",
            "file": "minecraft:rank/chef-dev.png",
            "ascent": 7,
            "height": 7,
            "chars": ["\uE004"]
        },

        {
            "type": "bitmap",
            "file": "minecraft:rank/chef-builder.png",
            "ascent": 7,
            "height": 7,
            "chars": ["\uE005"]
        },

        {
            "type": "bitmap",
            "file": "minecraft:rank/builder.png",
            "ascent": 7,
            "height": 7,
            "chars": ["\uE006"]
        },

        {
            "type": "bitmap",
            "file": "minecraft:rank/dev.png",
            "ascent": 7,
            "height": 7,
            "chars": ["\uE007"]
        },

        {
            "type": "bitmap",
            "file": "minecraft:rank/noble.png",
            "ascent": 7,
            "height": 7,
            "chars": ["\uE008"]
        },

        {
            "type": "bitmap",
            "file": "minecraft:rank/bourgeois.png",
            "ascent": 7,
            "height": 7,
            "chars": ["\uE009"]
        },

        {
            "type": "bitmap",
            "file": "minecraft:rank/paysan.png",
            "ascent": 7,
            "height": 7,
            "chars": ["\uE010"]
        },

        {
            "type": "bitmap",
            "file": "minecraft:rank/joueur.png",
            "ascent": 7,
            "height": 7,
            "chars": ["\uE011"]
        },

        {
            "type": "bitmap",
            "file": "minecraft:rank/fondateur.png",
            "ascent": 6,
            "height": 6,
            "chars": ["\uE012"]
        },

        {
            "type": "bitmap",
            "file": "minecraft:rank/administrateur.png",
            "ascent": 6,
            "height": 6,
            "chars": ["\uE013"]
        },

        {
            "type": "bitmap",
            "file": "minecraft:rank/chef-mod.png",
            "ascent": 6,
            "height": 6,
            "chars": ["\uE014"]
        },

        {
            "type": "bitmap",
            "file": "minecraft:rank/chef-dev.png",
            "ascent": 6,
            "height": 6,
            "chars": ["\uE015"]
        },

        {
            "type": "bitmap",
            "file": "minecraft:rank/chef-builder.png",
            "ascent": 6,
            "height": 6,
            "chars": ["\uE016"]
        },

        {
            "type": "bitmap",
            "file": "minecraft:rank/builder.png",
            "ascent": 6,
            "height": 6,
            "chars": ["\uE017"]
        },

        {
            "type": "bitmap",
            "file": "minecraft:rank/dev.png",
            "ascent": 6,
            "height": 6,
            "chars": ["\uE018"]
        },

        {
            "type": "bitmap",
            "file": "minecraft:rank/noble.png",
            "ascent": 6,
            "height": 6,
            "chars": ["\uE019"]
        },

        {
            "type": "bitmap",
            "file": "minecraft:rank/bourgeois.png",
            "ascent": 6,
            "height": 6,
            "chars": ["\uE020"]
        },

        {
            "type": "bitmap",
            "file": "minecraft:rank/paysan.png",
            "ascent": 6,
            "height": 6,
            "chars": ["\uE021"]
        },

        {
            "type": "bitmap",
            "file": "minecraft:rank/joueur.png",
            "ascent": 6,
            "height": 6,
            "chars": ["\uE022"]
        },

        {
            "type": "bitmap",
            "file": "minecraft:rank/discord.png",
            "ascent": 8,
            "height": 8,
            "chars": ["\uEdd1"]
        },

        {
            "type": "bitmap",
            "file": "minecraft:gui/container/brewing_guide_left.png",
            "ascent": 13,
            "height": 166,
            "chars": [
                "\uEff1"
            ]
        },
        {
            "type": "bitmap",
            "file": "minecraft:gui/container/brewing_guide_right.png",
            "ascent": 13,
            "height": 166,
            "chars": [
                "\uEff2"
            ]
        },
        {
            "type": "bitmap",
            "file": "minecraft:misc/hunger_half.png",
            "ascent": 8,
            "height": 16,
            "chars": [
                "\uEff3"
            ]
        },
        {
            "type": "bitmap",
            "file": "minecraft:misc/hunger_full.png",
            "ascent": 8,
            "height": 16,
            "chars": [
                "\uEff4"
            ]
        },
        {
            "type": "bitmap",
            "file": "minecraft:misc/mnkacraft.png",
            "ascent": 8,
            "height": 48,
            "chars": [
                "\uEff5"
            ]
        },
        {"type": "bitmap", "file": "minecraft:guis/pixel.png","ascent": -2000,"height": -3,"chars": ["七"]},
        {"type": "ttf", "file": "minecraft:negative_spaces.ttf", "shift": [0.0, 0.0], "size": 10.0, "oversample": 1.0},
        {"type": "bitmap", "file": "minecraft:guis/guibvn/1_1.png","ascent": 26,"height": 80,"chars": ["\uEbf1"]},
        {"type": "bitmap", "file": "minecraft:guis/guibvn/1_2.png","ascent": 26,"height": 80,"chars": ["\uEaf2"]},
        {"type": "bitmap", "file": "minecraft:guis/guibvn/1_3.png","ascent": 26,"height": 80,"chars": ["\uEaf3"]},
        {"type": "bitmap", "file": "minecraft:guis/guibvn/2_1.png","ascent": -54,"height": 80,"chars": ["\uEaf4"]},
        {"type": "bitmap", "file": "minecraft:guis/guibvn/2_2.png","ascent": -54,"height": 80,"chars": ["\uEaf5"]},
        {"type": "bitmap", "file": "minecraft:guis/guibvn/2_3.png","ascent": -54,"height": 80,"chars": ["\uEaf6"]},
        {"type": "bitmap", "file": "minecraft:guis/guibvn/3_1.png","ascent": -134.5,"height": 80,"chars": ["\uEaf7"]},
        {"type": "bitmap", "file": "minecraft:guis/guibvn/3_2.png","ascent": -134.5,"height": 80,"chars": ["\uEaf8"]},
        {"type": "bitmap", "file": "minecraft:guis/guibvn/3_3.png","ascent": -134.5,"height": 80,"chars": ["\uEaf9"]}
   
    ]
}