{
	"credit": "Made with Blockbench",
	"parent": "book",
	"textures": {
		"3": "block/fountain/fount4",
		"4": "block/fountain/fount3",
		"5": "block/fountain/fount2",
		"6": "block/fountain/fount1",
		"particle": "block/fountain/fount7"
	},
	"elements": [
		{
			"from": [0, 0, 0],
			"to": [16, 1, 16],
			"faces": {
				"north": {"uv": [0, 8, 16, 9], "texture": "#4"},
				"east": {"uv": [0, 8, 16, 9], "texture": "#4"},
				"south": {"uv": [0, 8, 16, 9], "texture": "#4"},
				"west": {"uv": [0, 8, 16, 9], "texture": "#4"},
				"up": {"uv": [0, 0, 16, 16], "texture": "#4"},
				"down": {"uv": [0, 0, 16, 16], "texture": "#4"}
			}
		},
		{
			"from": [0, 5, 0],
			"to": [16, 6, 16],
			"faces": {
				"north": {"uv": [0, 7, 16, 8], "texture": "#6"},
				"east": {"uv": [0, 7, 16, 8], "texture": "#6"},
				"south": {"uv": [0, 7, 16, 8], "texture": "#6"},
				"west": {"uv": [0, 7, 16, 8], "texture": "#6"},
				"up": {"uv": [0, 0, 16, 16], "texture": "#6"},
				"down": {"uv": [0, 0, 16, 16], "texture": "#6"}
			}
		},
		{
			"from": [1, 1, 1],
			"to": [15, 2, 15],
			"faces": {
				"north": {"uv": [1, 7, 15, 8], "texture": "#5"},
				"east": {"uv": [1, 7, 15, 8], "texture": "#5"},
				"south": {"uv": [1, 7, 15, 8], "texture": "#5"},
				"west": {"uv": [1, 7, 15, 8], "texture": "#5"},
				"up": {"uv": [0, 0, 14, 14], "texture": "#5"},
				"down": {"uv": [0, 0, 14, 14], "texture": "#missing"}
			}
		},
		{
			"from": [1, 4, 1],
			"to": [15, 5, 15],
			"faces": {
				"north": {"uv": [0, 0, 14, 1], "texture": "#6"},
				"east": {"uv": [0, 0, 14, 1], "texture": "#6"},
				"south": {"uv": [0, 0, 14, 1], "texture": "#6"},
				"west": {"uv": [0, 0, 14, 1], "texture": "#6"},
				"up": {"uv": [0, 0, 14, 14], "texture": "#missing"},
				"down": {"uv": [0, 0, 14, 14], "texture": "#6"}
			}
		},
		{
			"from": [2, 2, 2],
			"to": [14, 3, 14],
			"faces": {
				"north": {"uv": [0, 3, 12, 4], "texture": "#3"},
				"east": {"uv": [0, 3, 12, 4], "texture": "#3"},
				"south": {"uv": [0, 3, 12, 4], "texture": "#3"},
				"west": {"uv": [0, 3, 12, 4], "texture": "#3"},
				"up": {"uv": [0, 0, 12, 12], "texture": "#missing"},
				"down": {"uv": [0, 0, 12, 12], "texture": "#missing"}
			}
		},
		{
			"from": [2, 3, 2],
			"to": [14, 4, 14],
			"faces": {
				"north": {"uv": [0, 0, 12, 1], "texture": "#3"},
				"east": {"uv": [0, 0, 12, 1], "texture": "#3"},
				"south": {"uv": [0, 0, 12, 1], "texture": "#3"},
				"west": {"uv": [0, 0, 12, 1], "texture": "#3"},
				"up": {"uv": [0, 0, 12, 12], "texture": "#missing"},
				"down": {"uv": [0, 0, 12, 12], "texture": "#missing"}
			}
		},
		{
			"from": [1, 16, 1],
			"to": [15, 17, 15],
			"faces": {
				"north": {"uv": [0, 0, 14, 1], "texture": "#3"},
				"east": {"uv": [0, 0, 14, 1], "texture": "#3"},
				"south": {"uv": [0, 0, 14, 1], "texture": "#3"},
				"west": {"uv": [0, 0, 14, 1], "texture": "#3"},
				"up": {"uv": [0, 0, 14, 14], "texture": "#3"},
				"down": {"uv": [0, 0, 14, 14], "texture": "#4"}
			}
		},
		{
			"from": [1.75, 17, 1.75],
			"to": [14.25, 18, 14.25],
			"faces": {
				"north": {"uv": [3.5, 7, 16, 8], "texture": "#3"},
				"east": {"uv": [3.5, 10, 16, 11], "texture": "#3"},
				"south": {"uv": [1, 6, 13.5, 7], "texture": "#3"},
				"west": {"uv": [3, 12, 15.5, 13], "texture": "#3"},
				"up": {"uv": [3.5, 1, 16, 13.5], "texture": "#3"},
				"down": {"uv": [0, 0, 12.5, 12.5], "texture": "#4"}
			}
		},
		{
			"from": [2.5, 18, 2.5],
			"to": [13.5, 19, 13.5],
			"faces": {
				"north": {"uv": [2, 15, 13, 16], "texture": "#3"},
				"east": {"uv": [5, 3, 16, 4], "texture": "#3"},
				"south": {"uv": [5, 14, 16, 15], "texture": "#3"},
				"west": {"uv": [5, 7, 16, 8], "texture": "#3"},
				"up": {"uv": [5, 4, 16, 15], "texture": "#3"},
				"down": {"uv": [0, 0, 11, 11], "texture": "#4"}
			}
		},
		{
			"from": [3.5, 19, 3.5],
			"to": [12.5, 20, 12.5],
			"faces": {
				"north": {"uv": [0, 0, 9, 1], "texture": "#3"},
				"east": {"uv": [0, 0, 9, 1], "texture": "#3"},
				"south": {"uv": [0, 0, 9, 1], "texture": "#3"},
				"west": {"uv": [0, 0, 9, 1], "texture": "#3"},
				"up": {"uv": [0, 0, 9, 9], "texture": "#3"},
				"down": {"uv": [0, 0, 9, 9], "texture": "#4"}
			}
		},
		{
			"from": [3, 19, 4],
			"to": [3.5, 20, 12],
			"faces": {
				"north": {"uv": [0, 0, 0.5, 1], "texture": "#3"},
				"east": {"uv": [0, 0, 8, 1], "texture": "#3"},
				"south": {"uv": [0, 0, 0.5, 1], "texture": "#3"},
				"west": {"uv": [0, 14, 8, 15], "texture": "#3"},
				"up": {"uv": [0, 0, 0.5, 8], "texture": "#3"},
				"down": {"uv": [0, 0, 0.5, 8], "texture": "#4"}
			}
		},
		{
			"from": [12.5, 19, 4],
			"to": [13, 20, 12],
			"faces": {
				"north": {"uv": [0, 0, 0.5, 1], "texture": "#3"},
				"east": {"uv": [0, 0, 8, 1], "texture": "#3"},
				"south": {"uv": [0, 0, 0.5, 1], "texture": "#3"},
				"west": {"uv": [0, 0, 8, 1], "texture": "#3"},
				"up": {"uv": [0, 0, 0.5, 8], "texture": "#3"},
				"down": {"uv": [0, 0, 0.5, 8], "texture": "#4"}
			}
		},
		{
			"from": [4, 19, 3],
			"to": [12, 20, 3.5],
			"faces": {
				"north": {"uv": [0, 0, 8, 1], "texture": "#3"},
				"east": {"uv": [0, 0, 0.5, 1], "texture": "#3"},
				"south": {"uv": [0, 0, 8, 1], "texture": "#3"},
				"west": {"uv": [0, 0, 0.5, 1], "texture": "#3"},
				"up": {"uv": [0, 0, 0.5, 8], "rotation": 270, "texture": "#3"},
				"down": {"uv": [0, 0, 0.5, 8], "rotation": 90, "texture": "#4"}
			}
		},
		{
			"from": [4, 19, 12.5],
			"to": [12, 20, 13],
			"faces": {
				"north": {"uv": [0, 0, 8, 1], "texture": "#3"},
				"east": {"uv": [0, 0, 0.5, 1], "texture": "#3"},
				"south": {"uv": [4, 12, 12, 13], "texture": "#3"},
				"west": {"uv": [0, 0, 0.5, 1], "texture": "#3"},
				"up": {"uv": [0, 0, 0.5, 8], "rotation": 270, "texture": "#3"},
				"down": {"uv": [0, 0, 0.5, 8], "rotation": 90, "texture": "#4"}
			}
		},
		{
			"from": [5.5, 20, 5.5],
			"to": [10.5, 21, 10.5],
			"faces": {
				"north": {"uv": [0, 0, 5, 1], "texture": "#3"},
				"east": {"uv": [0, 0, 5, 1], "texture": "#3"},
				"south": {"uv": [0, 0, 5, 1], "texture": "#3"},
				"west": {"uv": [0, 0, 5, 1], "texture": "#3"},
				"up": {"uv": [0, 0, 5, 5], "texture": "#3"},
				"down": {"uv": [0, 0, 5, 5], "texture": "#4"}
			}
		},
		{
			"from": [7, 21.25, 7],
			"to": [9, 23.25, 9],
			"faces": {
				"north": {"uv": [0, 0, 2, 2], "texture": "#3"},
				"east": {"uv": [0, 0, 2, 2], "texture": "#3"},
				"south": {"uv": [0, 0, 2, 2], "texture": "#3"},
				"west": {"uv": [0, 0, 2, 2], "texture": "#3"},
				"up": {"uv": [0, 0, 2, 2], "texture": "#3"},
				"down": {"uv": [0, 0, 2, 2], "texture": "#missing"}
			}
		},
		{
			"from": [6.75, 21.5, 7.25],
			"to": [7, 23, 8.75],
			"faces": {
				"north": {"uv": [0, 0, 0.25, 1.5], "texture": "#3"},
				"east": {"uv": [0, 0, 1.5, 1.5], "texture": "#3"},
				"south": {"uv": [0, 0, 0.25, 1.5], "texture": "#3"},
				"west": {"uv": [0, 0, 1.5, 1.5], "texture": "#3"},
				"up": {"uv": [0, 0, 0.25, 1.5], "texture": "#3"},
				"down": {"uv": [0, 0, 0.25, 1.5], "texture": "#missing"}
			}
		},
		{
			"from": [9, 21.5, 7.25],
			"to": [9.25, 23, 8.75],
			"faces": {
				"north": {"uv": [0, 0, 0.25, 1.5], "texture": "#3"},
				"east": {"uv": [0, 0, 1.5, 1.5], "texture": "#3"},
				"south": {"uv": [0, 0, 0.25, 1.5], "texture": "#3"},
				"west": {"uv": [0, 0, 1.5, 1.5], "texture": "#3"},
				"up": {"uv": [0, 0, 0.25, 1.5], "texture": "#3"},
				"down": {"uv": [0, 0, 0.25, 1.5], "texture": "#missing"}
			}
		},
		{
			"from": [7.25, 21.5, 6.75],
			"to": [8.75, 23, 7],
			"faces": {
				"north": {"uv": [0, 0, 1.5, 1.5], "texture": "#3"},
				"east": {"uv": [0, 0, 0.25, 1.5], "texture": "#3"},
				"south": {"uv": [0, 0, 1.5, 1.5], "texture": "#3"},
				"west": {"uv": [0, 0, 0.25, 1.5], "texture": "#3"},
				"up": {"uv": [0, 0, 0.25, 1.5], "rotation": 270, "texture": "#3"},
				"down": {"uv": [0, 0, 0.25, 1.5], "rotation": 90, "texture": "#missing"}
			}
		},
		{
			"from": [7.25, 21.5, 9],
			"to": [8.75, 23, 9.25],
			"faces": {
				"north": {"uv": [0, 0, 1.5, 1.5], "texture": "#3"},
				"east": {"uv": [0, 0, 0.25, 1.5], "texture": "#3"},
				"south": {"uv": [0, 0, 1.5, 1.5], "texture": "#3"},
				"west": {"uv": [0, 0, 0.25, 1.5], "texture": "#3"},
				"up": {"uv": [0, 0, 0.25, 1.5], "rotation": 270, "texture": "#3"},
				"down": {"uv": [0, 0, 0.25, 1.5], "rotation": 90, "texture": "#missing"}
			}
		},
		{
			"from": [7.25, 23.25, 7.25],
			"to": [8.75, 23.5, 8.75],
			"faces": {
				"north": {"uv": [0, 0, 0.25, 1.5], "rotation": 270, "texture": "#3"},
				"east": {"uv": [0, 0, 0.25, 1.5], "rotation": 270, "texture": "#3"},
				"south": {"uv": [0, 0, 0.25, 1.5], "rotation": 270, "texture": "#3"},
				"west": {"uv": [0, 0, 0.25, 1.5], "rotation": 90, "texture": "#3"},
				"up": {"uv": [0, 0, 1.5, 1.5], "rotation": 180, "texture": "#3"},
				"down": {"uv": [0, 0, 1.5, 1.5], "texture": "#missing"}
			}
		},
		{
			"from": [7.25, 21, 7.25],
			"to": [8.75, 21.25, 8.75],
			"faces": {
				"north": {"uv": [0, 0, 0.25, 1.5], "rotation": 270, "texture": "#3"},
				"east": {"uv": [0, 0, 0.25, 1.5], "rotation": 270, "texture": "#3"},
				"south": {"uv": [0, 0, 0.25, 1.5], "rotation": 270, "texture": "#3"},
				"west": {"uv": [0, 0, 0.25, 1.5], "rotation": 90, "texture": "#3"},
				"up": {"uv": [0, 0, 1.5, 1.5], "rotation": 180, "texture": "#3"},
				"down": {"uv": [0, 0, 1.5, 1.5], "texture": "#missing"}
			}
		},
		{
			"from": [6, 20, 5],
			"to": [10, 21, 5.5],
			"faces": {
				"north": {"uv": [0, 0, 4, 1], "texture": "#3"},
				"east": {"uv": [0, 0, 0.5, 1], "texture": "#3"},
				"south": {"uv": [0, 0, 4, 1], "texture": "#3"},
				"west": {"uv": [0, 0, 0.5, 1], "texture": "#3"},
				"up": {"uv": [0, 0, 0.5, 4], "rotation": 270, "texture": "#3"},
				"down": {"uv": [0, 0, 0.5, 4], "rotation": 90, "texture": "#4"}
			}
		},
		{
			"from": [5, 20, 6],
			"to": [5.5, 21, 10],
			"faces": {
				"north": {"uv": [0, 0, 0.5, 1], "texture": "#3"},
				"east": {"uv": [0, 0, 4, 1], "texture": "#3"},
				"south": {"uv": [0, 0, 0.5, 1], "texture": "#3"},
				"west": {"uv": [0, 0, 4, 1], "texture": "#3"},
				"up": {"uv": [0, 0, 0.5, 4], "texture": "#3"},
				"down": {"uv": [0, 0, 0.5, 4], "texture": "#4"}
			}
		},
		{
			"from": [6, 20, 10.5],
			"to": [10, 21, 11],
			"faces": {
				"north": {"uv": [0, 0, 4, 1], "texture": "#3"},
				"east": {"uv": [0, 0, 0.5, 1], "texture": "#3"},
				"south": {"uv": [0, 0, 4, 1], "texture": "#3"},
				"west": {"uv": [0, 0, 0.5, 1], "texture": "#3"},
				"up": {"uv": [0, 0, 0.5, 4], "rotation": 270, "texture": "#3"},
				"down": {"uv": [0, 0, 0.5, 4], "rotation": 90, "texture": "#4"}
			}
		},
		{
			"from": [10.5, 20, 6],
			"to": [11, 21, 10],
			"faces": {
				"north": {"uv": [0, 0, 0.5, 1], "texture": "#3"},
				"east": {"uv": [0, 0, 4, 1], "texture": "#3"},
				"south": {"uv": [0, 0, 0.5, 1], "texture": "#3"},
				"west": {"uv": [0, 0, 4, 1], "texture": "#3"},
				"up": {"uv": [0, 0, 0.5, 4], "texture": "#3"},
				"down": {"uv": [0, 0, 0.5, 4], "texture": "#4"}
			}
		},
		{
			"from": [1, 6, 1],
			"to": [3, 16, 3],
			"faces": {
				"north": {"uv": [0, 0, 2, 10], "texture": "#3"},
				"east": {"uv": [0, 0, 2, 10], "texture": "#3"},
				"south": {"uv": [0, 0, 2, 10], "texture": "#3"},
				"west": {"uv": [0, 0, 2, 10], "texture": "#3"},
				"up": {"uv": [0, 0, 2, 2], "texture": "#missing"},
				"down": {"uv": [0, 0, 2, 2], "texture": "#missing"}
			}
		},
		{
			"from": [13, 6, 1],
			"to": [15, 16, 3],
			"faces": {
				"north": {"uv": [0, 0, 2, 10], "texture": "#3"},
				"east": {"uv": [0, 0, 2, 10], "texture": "#3"},
				"south": {"uv": [0, 0, 2, 10], "texture": "#3"},
				"west": {"uv": [0, 0, 2, 10], "texture": "#3"},
				"up": {"uv": [0, 0, 2, 2], "texture": "#missing"},
				"down": {"uv": [0, 0, 2, 2], "texture": "#missing"}
			}
		},
		{
			"from": [13, 6, 13],
			"to": [15, 16, 15],
			"faces": {
				"north": {"uv": [0, 0, 2, 10], "texture": "#3"},
				"east": {"uv": [0, 0, 2, 10], "texture": "#3"},
				"south": {"uv": [0, 0, 2, 10], "texture": "#3"},
				"west": {"uv": [0, 0, 2, 10], "texture": "#3"},
				"up": {"uv": [0, 0, 2, 2], "texture": "#missing"},
				"down": {"uv": [0, 0, 2, 2], "texture": "#missing"}
			}
		},
		{
			"from": [1, 6, 13],
			"to": [3, 16, 15],
			"faces": {
				"north": {"uv": [0, 0, 2, 10], "texture": "#3"},
				"east": {"uv": [0, 0, 2, 10], "texture": "#3"},
				"south": {"uv": [0, 0, 2, 10], "texture": "#3"},
				"west": {"uv": [0, 0, 2, 10], "texture": "#3"},
				"up": {"uv": [0, 0, 2, 2], "texture": "#missing"},
				"down": {"uv": [0, 0, 2, 2], "texture": "#missing"}
			}
		},
		{
			"from": [3, 6, 1],
			"to": [4, 8, 3],
			"faces": {
				"north": {"uv": [0, 0, 1, 2], "texture": "#3"},
				"east": {"uv": [0, 0, 2, 2], "texture": "#3"},
				"south": {"uv": [0, 0, 1, 2], "texture": "#3"},
				"west": {"uv": [0, 0, 2, 2], "texture": "#3"},
				"up": {"uv": [0, 0, 1, 2], "texture": "#3"},
				"down": {"uv": [0, 0, 1, 2], "texture": "#3"}
			}
		},
		{
			"from": [12, 6, 1],
			"to": [13, 8, 3],
			"faces": {
				"north": {"uv": [0, 0, 1, 2], "texture": "#3"},
				"east": {"uv": [0, 0, 2, 2], "texture": "#3"},
				"south": {"uv": [0, 0, 1, 2], "texture": "#3"},
				"west": {"uv": [0, 0, 2, 2], "texture": "#3"},
				"up": {"uv": [0, 0, 1, 2], "texture": "#3"},
				"down": {"uv": [0, 0, 1, 2], "texture": "#3"}
			}
		},
		{
			"from": [12, 6, 13],
			"to": [13, 8, 15],
			"faces": {
				"north": {"uv": [0, 0, 1, 2], "texture": "#3"},
				"east": {"uv": [0, 0, 2, 2], "texture": "#3"},
				"south": {"uv": [0, 0, 1, 2], "texture": "#3"},
				"west": {"uv": [0, 0, 2, 2], "texture": "#3"},
				"up": {"uv": [0, 0, 1, 2], "texture": "#3"},
				"down": {"uv": [0, 0, 1, 2], "texture": "#3"}
			}
		},
		{
			"from": [3, 6, 13],
			"to": [4, 8, 15],
			"faces": {
				"north": {"uv": [0, 0, 1, 2], "texture": "#3"},
				"east": {"uv": [0, 0, 2, 2], "texture": "#3"},
				"south": {"uv": [0, 0, 1, 2], "texture": "#3"},
				"west": {"uv": [0, 0, 2, 2], "texture": "#3"},
				"up": {"uv": [0, 0, 1, 2], "texture": "#3"},
				"down": {"uv": [0, 0, 1, 2], "texture": "#3"}
			}
		},
		{
			"from": [13, 6, 3],
			"to": [15, 8, 4],
			"faces": {
				"north": {"uv": [0, 0, 2, 2], "texture": "#3"},
				"east": {"uv": [0, 0, 1, 2], "texture": "#3"},
				"south": {"uv": [0, 0, 2, 2], "texture": "#3"},
				"west": {"uv": [0, 0, 1, 2], "texture": "#3"},
				"up": {"uv": [0, 0, 1, 2], "rotation": 270, "texture": "#3"},
				"down": {"uv": [0, 0, 1, 2], "rotation": 90, "texture": "#3"}
			}
		},
		{
			"from": [13, 6, 12],
			"to": [15, 8, 13],
			"faces": {
				"north": {"uv": [0, 0, 2, 2], "texture": "#3"},
				"east": {"uv": [0, 0, 1, 2], "texture": "#3"},
				"south": {"uv": [0, 0, 2, 2], "texture": "#3"},
				"west": {"uv": [0, 0, 1, 2], "texture": "#3"},
				"up": {"uv": [0, 0, 1, 2], "rotation": 270, "texture": "#3"},
				"down": {"uv": [0, 0, 1, 2], "rotation": 90, "texture": "#3"}
			}
		},
		{
			"from": [1, 6, 3],
			"to": [3, 8, 4],
			"faces": {
				"north": {"uv": [0, 0, 2, 2], "texture": "#3"},
				"east": {"uv": [0, 0, 1, 2], "texture": "#3"},
				"south": {"uv": [0, 0, 2, 2], "texture": "#3"},
				"west": {"uv": [0, 0, 1, 2], "texture": "#3"},
				"up": {"uv": [0, 0, 1, 2], "rotation": 270, "texture": "#3"},
				"down": {"uv": [0, 0, 1, 2], "rotation": 90, "texture": "#3"}
			}
		},
		{
			"from": [1, 6, 12],
			"to": [3, 8, 13],
			"faces": {
				"north": {"uv": [0, 0, 2, 2], "texture": "#3"},
				"east": {"uv": [0, 0, 1, 2], "texture": "#3"},
				"south": {"uv": [0, 0, 2, 2], "texture": "#3"},
				"west": {"uv": [0, 0, 1, 2], "texture": "#3"},
				"up": {"uv": [0, 0, 1, 2], "rotation": 270, "texture": "#3"},
				"down": {"uv": [0, 0, 1, 2], "rotation": 90, "texture": "#3"}
			}
		},
		{
			"from": [1, 6, 4],
			"to": [3, 7, 5],
			"faces": {
				"north": {"uv": [0, 0, 2, 1], "texture": "#3"},
				"east": {"uv": [0, 0, 1, 1], "texture": "#3"},
				"south": {"uv": [0, 0, 2, 1], "texture": "#3"},
				"west": {"uv": [0, 0, 1, 1], "texture": "#3"},
				"up": {"uv": [0, 0, 2, 1], "texture": "#3"},
				"down": {"uv": [0, 0, 2, 1], "texture": "#3"}
			}
		},
		{
			"from": [1, 6, 11],
			"to": [3, 7, 12],
			"faces": {
				"north": {"uv": [0, 0, 2, 1], "texture": "#3"},
				"east": {"uv": [0, 0, 1, 1], "texture": "#3"},
				"south": {"uv": [0, 0, 2, 1], "texture": "#3"},
				"west": {"uv": [0, 0, 1, 1], "texture": "#3"},
				"up": {"uv": [0, 0, 2, 1], "texture": "#3"},
				"down": {"uv": [0, 0, 2, 1], "texture": "#3"}
			}
		},
		{
			"from": [13, 6, 11],
			"to": [15, 7, 12],
			"faces": {
				"north": {"uv": [0, 0, 2, 1], "texture": "#3"},
				"east": {"uv": [0, 0, 1, 1], "texture": "#3"},
				"south": {"uv": [0, 0, 2, 1], "texture": "#3"},
				"west": {"uv": [0, 0, 1, 1], "texture": "#3"},
				"up": {"uv": [0, 0, 2, 1], "texture": "#3"},
				"down": {"uv": [0, 0, 2, 1], "texture": "#3"}
			}
		},
		{
			"from": [13, 14, 12],
			"to": [15, 16, 13],
			"faces": {
				"north": {"uv": [0, 0, 2, 2], "texture": "#3"},
				"east": {"uv": [0, 0, 1, 2], "texture": "#3"},
				"south": {"uv": [0, 0, 2, 2], "texture": "#3"},
				"west": {"uv": [0, 0, 1, 2], "texture": "#3"},
				"up": {"uv": [0, 0, 1, 2], "rotation": 270, "texture": "#3"},
				"down": {"uv": [0, 0, 1, 2], "rotation": 90, "texture": "#3"}
			}
		},
		{
			"from": [13, 15, 11],
			"to": [15, 16, 12],
			"faces": {
				"north": {"uv": [0, 0, 2, 1], "texture": "#3"},
				"east": {"uv": [0, 0, 1, 1], "texture": "#3"},
				"south": {"uv": [0, 0, 2, 1], "texture": "#3"},
				"west": {"uv": [0, 0, 1, 1], "texture": "#3"},
				"up": {"uv": [0, 0, 2, 1], "texture": "#3"},
				"down": {"uv": [0, 0, 2, 1], "texture": "#3"}
			}
		},
		{
			"from": [13, 6, 4],
			"to": [15, 7, 5],
			"faces": {
				"north": {"uv": [0, 0, 2, 1], "texture": "#3"},
				"east": {"uv": [0, 0, 1, 1], "texture": "#3"},
				"south": {"uv": [0, 0, 2, 1], "texture": "#3"},
				"west": {"uv": [0, 0, 1, 1], "texture": "#3"},
				"up": {"uv": [0, 0, 2, 1], "texture": "#3"},
				"down": {"uv": [0, 0, 2, 1], "texture": "#3"}
			}
		},
		{
			"from": [13, 15, 4],
			"to": [15, 16, 5],
			"faces": {
				"north": {"uv": [0, 0, 2, 1], "texture": "#3"},
				"east": {"uv": [0, 0, 1, 1], "texture": "#3"},
				"south": {"uv": [0, 0, 2, 1], "texture": "#3"},
				"west": {"uv": [0, 0, 1, 1], "texture": "#3"},
				"up": {"uv": [0, 0, 2, 1], "texture": "#3"},
				"down": {"uv": [0, 0, 2, 1], "texture": "#3"}
			}
		},
		{
			"from": [11, 6, 1],
			"to": [12, 7, 3],
			"faces": {
				"north": {"uv": [0, 0, 1, 1], "texture": "#3"},
				"east": {"uv": [0, 0, 2, 1], "texture": "#3"},
				"south": {"uv": [0, 0, 1, 1], "texture": "#3"},
				"west": {"uv": [0, 0, 2, 1], "texture": "#3"},
				"up": {"uv": [0, 0, 2, 1], "rotation": 270, "texture": "#3"},
				"down": {"uv": [0, 0, 2, 1], "rotation": 90, "texture": "#3"}
			}
		},
		{
			"from": [4, 6, 1],
			"to": [5, 7, 3],
			"faces": {
				"north": {"uv": [0, 0, 1, 1], "texture": "#3"},
				"east": {"uv": [0, 0, 2, 1], "texture": "#3"},
				"south": {"uv": [0, 0, 1, 1], "texture": "#3"},
				"west": {"uv": [0, 0, 2, 1], "texture": "#3"},
				"up": {"uv": [0, 0, 2, 1], "rotation": 270, "texture": "#3"},
				"down": {"uv": [0, 0, 2, 1], "rotation": 90, "texture": "#3"}
			}
		},
		{
			"from": [11, 6, 13],
			"to": [12, 7, 15],
			"faces": {
				"north": {"uv": [0, 0, 1, 1], "texture": "#3"},
				"east": {"uv": [0, 0, 2, 1], "texture": "#3"},
				"south": {"uv": [0, 0, 1, 1], "texture": "#3"},
				"west": {"uv": [0, 0, 2, 1], "texture": "#3"},
				"up": {"uv": [0, 0, 2, 1], "rotation": 270, "texture": "#3"},
				"down": {"uv": [0, 0, 2, 1], "rotation": 90, "texture": "#3"}
			}
		},
		{
			"from": [4, 6, 13],
			"to": [5, 7, 15],
			"faces": {
				"north": {"uv": [0, 0, 1, 1], "texture": "#3"},
				"east": {"uv": [0, 0, 2, 1], "texture": "#3"},
				"south": {"uv": [0, 0, 1, 1], "texture": "#3"},
				"west": {"uv": [0, 0, 2, 1], "texture": "#3"},
				"up": {"uv": [0, 0, 2, 1], "rotation": 270, "texture": "#3"},
				"down": {"uv": [0, 0, 2, 1], "rotation": 90, "texture": "#3"}
			}
		},
		{
			"from": [12, 14, 1],
			"to": [13, 16, 3],
			"faces": {
				"north": {"uv": [0, 0, 1, 2], "texture": "#3"},
				"east": {"uv": [0, 0, 2, 2], "texture": "#3"},
				"south": {"uv": [0, 0, 1, 2], "texture": "#3"},
				"west": {"uv": [0, 0, 2, 2], "texture": "#3"},
				"up": {"uv": [0, 0, 1, 2], "texture": "#3"},
				"down": {"uv": [0, 0, 1, 2], "texture": "#3"}
			}
		},
		{
			"from": [13, 14, 3],
			"to": [15, 16, 4],
			"faces": {
				"north": {"uv": [0, 0, 2, 2], "texture": "#3"},
				"east": {"uv": [0, 0, 1, 2], "texture": "#3"},
				"south": {"uv": [0, 0, 2, 2], "texture": "#3"},
				"west": {"uv": [0, 0, 1, 2], "texture": "#3"},
				"up": {"uv": [0, 0, 1, 2], "rotation": 270, "texture": "#3"},
				"down": {"uv": [0, 0, 1, 2], "rotation": 90, "texture": "#3"}
			}
		},
		{
			"from": [11, 15, 1],
			"to": [12, 16, 3],
			"faces": {
				"north": {"uv": [0, 0, 1, 1], "texture": "#3"},
				"east": {"uv": [0, 0, 2, 1], "texture": "#3"},
				"south": {"uv": [0, 0, 1, 1], "texture": "#3"},
				"west": {"uv": [0, 0, 2, 1], "texture": "#3"},
				"up": {"uv": [0, 0, 2, 1], "rotation": 270, "texture": "#3"},
				"down": {"uv": [0, 0, 2, 1], "rotation": 90, "texture": "#3"}
			}
		},
		{
			"from": [1, 14, 3],
			"to": [3, 16, 4],
			"faces": {
				"north": {"uv": [0, 0, 2, 2], "texture": "#3"},
				"east": {"uv": [0, 0, 1, 2], "texture": "#3"},
				"south": {"uv": [0, 0, 2, 2], "texture": "#3"},
				"west": {"uv": [0, 0, 1, 2], "texture": "#3"},
				"up": {"uv": [0, 0, 1, 2], "rotation": 270, "texture": "#3"},
				"down": {"uv": [0, 0, 1, 2], "rotation": 90, "texture": "#3"}
			}
		},
		{
			"from": [1, 15, 4],
			"to": [3, 16, 5],
			"faces": {
				"north": {"uv": [0, 0, 2, 1], "texture": "#3"},
				"east": {"uv": [0, 0, 1, 1], "texture": "#3"},
				"south": {"uv": [0, 0, 2, 1], "texture": "#3"},
				"west": {"uv": [0, 0, 1, 1], "texture": "#3"},
				"up": {"uv": [0, 0, 2, 1], "texture": "#3"},
				"down": {"uv": [0, 0, 2, 1], "texture": "#3"}
			}
		},
		{
			"from": [1, 15, 11],
			"to": [3, 16, 12],
			"faces": {
				"north": {"uv": [0, 0, 2, 1], "texture": "#3"},
				"east": {"uv": [0, 0, 1, 1], "texture": "#3"},
				"south": {"uv": [0, 0, 2, 1], "texture": "#3"},
				"west": {"uv": [0, 0, 1, 1], "texture": "#3"},
				"up": {"uv": [0, 0, 2, 1], "texture": "#3"},
				"down": {"uv": [0, 0, 2, 1], "texture": "#3"}
			}
		},
		{
			"from": [1, 14, 12],
			"to": [3, 16, 13],
			"faces": {
				"north": {"uv": [0, 0, 2, 2], "texture": "#3"},
				"east": {"uv": [0, 0, 1, 2], "texture": "#3"},
				"south": {"uv": [0, 0, 2, 2], "texture": "#3"},
				"west": {"uv": [0, 0, 1, 2], "texture": "#3"},
				"up": {"uv": [0, 0, 1, 2], "rotation": 270, "texture": "#3"},
				"down": {"uv": [0, 0, 1, 2], "rotation": 90, "texture": "#3"}
			}
		},
		{
			"from": [11, 15, 13],
			"to": [12, 16, 15],
			"faces": {
				"north": {"uv": [0, 0, 1, 1], "texture": "#3"},
				"east": {"uv": [0, 0, 2, 1], "texture": "#3"},
				"south": {"uv": [0, 0, 1, 1], "texture": "#3"},
				"west": {"uv": [0, 0, 2, 1], "texture": "#3"},
				"up": {"uv": [0, 0, 2, 1], "rotation": 270, "texture": "#3"},
				"down": {"uv": [0, 0, 2, 1], "rotation": 90, "texture": "#3"}
			}
		},
		{
			"from": [12, 14, 13],
			"to": [13, 16, 15],
			"faces": {
				"north": {"uv": [0, 0, 1, 2], "texture": "#3"},
				"east": {"uv": [0, 0, 2, 2], "texture": "#3"},
				"south": {"uv": [0, 0, 1, 2], "texture": "#3"},
				"west": {"uv": [0, 0, 2, 2], "texture": "#3"},
				"up": {"uv": [0, 0, 1, 2], "texture": "#3"},
				"down": {"uv": [0, 0, 1, 2], "texture": "#3"}
			}
		},
		{
			"from": [4, 15, 13],
			"to": [5, 16, 15],
			"faces": {
				"north": {"uv": [0, 0, 1, 1], "texture": "#3"},
				"east": {"uv": [0, 0, 2, 1], "texture": "#3"},
				"south": {"uv": [0, 0, 1, 1], "texture": "#3"},
				"west": {"uv": [0, 0, 2, 1], "texture": "#3"},
				"up": {"uv": [0, 0, 2, 1], "rotation": 270, "texture": "#3"},
				"down": {"uv": [0, 0, 2, 1], "rotation": 90, "texture": "#3"}
			}
		},
		{
			"from": [3, 14, 13],
			"to": [4, 16, 15],
			"faces": {
				"north": {"uv": [0, 0, 1, 2], "texture": "#3"},
				"east": {"uv": [0, 0, 2, 2], "texture": "#3"},
				"south": {"uv": [0, 0, 1, 2], "texture": "#3"},
				"west": {"uv": [0, 0, 2, 2], "texture": "#3"},
				"up": {"uv": [0, 0, 1, 2], "texture": "#3"},
				"down": {"uv": [0, 0, 1, 2], "texture": "#3"}
			}
		},
		{
			"from": [3, 14, 1],
			"to": [4, 16, 3],
			"faces": {
				"north": {"uv": [0, 0, 1, 2], "texture": "#3"},
				"east": {"uv": [0, 0, 2, 2], "texture": "#3"},
				"south": {"uv": [0, 0, 1, 2], "texture": "#3"},
				"west": {"uv": [0, 0, 2, 2], "texture": "#3"},
				"up": {"uv": [0, 0, 1, 2], "texture": "#3"},
				"down": {"uv": [0, 0, 1, 2], "texture": "#3"}
			}
		},
		{
			"from": [4, 15, 1],
			"to": [5, 16, 3],
			"faces": {
				"north": {"uv": [0, 0, 1, 1], "texture": "#3"},
				"east": {"uv": [0, 0, 2, 1], "texture": "#3"},
				"south": {"uv": [0, 0, 1, 1], "texture": "#3"},
				"west": {"uv": [0, 0, 2, 1], "texture": "#3"},
				"up": {"uv": [0, 0, 2, 1], "rotation": 270, "texture": "#3"},
				"down": {"uv": [0, 0, 2, 1], "rotation": 90, "texture": "#3"}
			}
		}
	],
	"display": {
		"fixed": {
			"rotation": [-90, 0, 0],
			"translation": [0, 0, -15],
			"scale": [2, 2, 2]
		}
	}
}