{
    "providers": [
        {
            "type": "ttf", 
            "file": "minecraft:negative_spaces.ttf", 
            "shift": [0.0, 0.0], 
            "size": 10.0, 
            "oversample": 1.0
        },
        
        {
            "type": "bitmap",
            "file": "minecraft:rank/small/fnd.png",
            "ascent": 8,
            "height": 9,
            "chars": ["\uE001"]
        },
        
        {
            "type": "bitmap",
            "file": "minecraft:rank/nrml/fondateur.png",
            "ascent": 8,
            "height": 9,
            "chars": ["\uE011"]
        },
        
        {
            "type": "bitmap",
            "file": "minecraft:rank/small/adm.png",
            "ascent": 8,
            "height": 9,
            "chars": ["\uE002"]
        },
        
        {
            "type": "bitmap",
            "file": "minecraft:rank/small/jou.png",
            "ascent": 8,
            "height": 9,
            "chars": ["\uE003"]
        },
        
        {
            "type": "bitmap",
            "file": "minecraft:rank/discord.png",
            "ascent": 8,
            "height": 9,
            "chars": ["\uE901"]
        },

        {
            "type": "bitmap",
            "file": "minecraft:rank/small/cbd.png",
            "ascent": 8,
            "height": 9,
            "chars": ["\uE902"]
        },

        {
            "type": "bitmap",
            "file": "minecraft:rank/small/bd.png",
            "ascent": 8,
            "height": 9,
            "chars": ["\uE903"]
        },

        {
            "type": "bitmap",
            "file": "minecraft:rank/small/pay.png",
            "ascent": 8,
            "height": 9,
            "chars": ["\uE004"]
        },

        {
            "type": "bitmap",
            "file": "minecraft:rank/small/nb.png",
            "ascent": 8,
            "height": 9,
            "chars": ["\uE005"]
        },

        {
            "type": "bitmap",
            "file": "minecraft:rank/small/bg.png",
            "ascent": 8,
            "height": 9,
            "chars": ["\uE006"]
        },

        {
            "type": "bitmap",
            "file": "minecraft:rank/small/cdev.png",
            "ascent": 8,
            "height": 9,
            "chars": ["\uE007"]
        },

        {
            "type": "bitmap",
            "file": "minecraft:rank/small/dev.png",
            "ascent": 8,
            "height": 9,
            "chars": ["\uE008"]
        },
        {
            "type": "bitmap",
            "file": "minecraft:misc/mnkacraft.png",
            "ascent": 8,
            "height": 48,
            "chars": [
                "\uEff5"
            ]
        },
        {
            "type": "bitmap",
            "file": "minecraft:misc/credit.png",
            "ascent": 27,
            "height": 48,
            "chars": [
                "\uEff6"
            ]
        },
        {
            "type": "bitmap",
            "file": "minecraft:guis/firstjoingui/1.1.png",
            "ascent": 26,"height": 80,
            "chars": [
                "\uE101"
            ]
        },
        {
            "type": "bitmap",
            "file": "minecraft:guis/firstjoingui/1.2.png",
            "ascent": 26,"height": 80,
            "chars": [
                "\uE102"
            ]
        },
        {
            "type": "bitmap",
            "file": "minecraft:guis/firstjoingui/1.3.png",
            "ascent": 26,"height": 80,
            "chars": [
                "\uE103"
            ]
        },
        {
            "type": "bitmap",
            "file": "minecraft:guis/firstjoingui/2.1.png",
            "ascent": -54,"height": 80,
            "chars": [
                "\uE104"
            ]
        },
        {
            "type": "bitmap",
            "file": "minecraft:guis/firstjoingui/2.2.png",
            "ascent": -54,"height": 80,
            "chars": [
                "\uE105"
            ]
        },
        {
            "type": "bitmap",
            "file": "minecraft:guis/firstjoingui/2.3.png",
            "ascent": -54,"height": 80,
            "chars": [
                "\uE106"
            ]
        },
        {
            "type": "bitmap",
            "file": "minecraft:guis/firstjoingui/3.1.png",
            "ascent": -134.5,"height": 80,
            "chars": [
                "\uE107"
            ]
        },
        {
            "type": "bitmap",
            "file": "minecraft:guis/firstjoingui/3.2.png",
            "ascent": -134.5,"height": 80,
            "chars": [
                "\uE108"
            ]
        },
        {
            "type": "bitmap",
            "file": "minecraft:guis/firstjoingui/3.3.png",
            "ascent": -134.5,"height": 80,
            "chars": [
                "\uE109"
            ]
        },
        {
            "type": "bitmap",
            "file": "minecraft:emoticons/angry1_r.png",
            "ascent": 8,"height": 9,
            "chars": [
                "\uF000"
            ]
        },
        {
            "type": "bitmap",
            "file": "minecraft:emoticons/angry1_y.png",
            "ascent": 8,"height": 9,
            "chars": [
                "\uF001"
            ]
        },
        {
            "type": "bitmap",
            "file": "minecraft:emoticons/angry2.png",
            "ascent": 8,"height": 9,
            "chars": [
                "\uF002"
            ]
        },
        {
            "type": "bitmap",
            "file": "minecraft:emoticons/crazy1.png",
            "ascent": 8,"height": 9,
            "chars": [
                "\uF003"
            ]
        },
        {
            "type": "bitmap",
            "file": "minecraft:emoticons/crazy2.png",
            "ascent": 8,"height": 9,
            "chars": [
                "\uF004"
            ]
        },
        {
            "type": "bitmap",
            "file": "minecraft:emoticons/crazy3.png",
            "ascent": 8,"height": 9,
            "chars": [
                "\uF005"
            ]
        },
        {
            "type": "bitmap",
            "file": "minecraft:emoticons/flushed.png",
            "ascent": 8,"height": 9,
            "chars": [
                "\uF006"
            ]
        },
        {
            "type": "bitmap",
            "file": "minecraft:emoticons/happy1.png",
            "ascent": 8,"height": 9,
            "chars": [
                "\uF007"
            ]
        },
        {
            "type": "bitmap",
            "file": "minecraft:emoticons/happy2.png",
            "ascent": 8,"height": 9,
            "chars": [
                "\uF008"
            ]
        },
        {
            "type": "bitmap",
            "file": "minecraft:emoticons/happy3.png",
            "ascent": 8,"height": 9,
            "chars": [
                "\uF009"
            ]
        },
        {
            "type": "bitmap",
            "file": "minecraft:emoticons/sad1.png",
            "ascent": 8,"height": 9,
            "chars": [
                "\uF010"
            ]
        },
        {
            "type": "bitmap",
            "file": "minecraft:emoticons/sad2.png",
            "ascent": 8,"height": 9,
            "chars": [
                "\uF011"
            ]
        },
        {
            "type": "bitmap",
            "file": "minecraft:emoticons/sad3.png",
            "ascent": 8,"height": 9,
            "chars": [
                "\uF012"
            ]
        },
        {
           "type": "bitmap",
            "file": "minecraft:gui/clickable/lobby/panel1/a1.png",
            "ascent": 0,"height": 80,
            "chars": [
                "\uF013"
            ] 
        },
        {
           "type": "bitmap",
            "file": "minecraft:gui/clickable/lobby/panel1/a2.png",
            "ascent": 0,"height": 80,
            "chars": [
                "\uF014"
            ] 
        },
        {
           "type": "bitmap",
            "file": "minecraft:gui/clickable/lobby/panel1/a3.png",
            "ascent": 0,"height": 80,
            "chars": [
                "\uF015"
            ] 
        },
        {
           "type": "bitmap",
            "file": "minecraft:gui/clickable/lobby/panel1/b1.png",
            "ascent": -80,"height": 80,
            "chars": [
                "\uF016"
            ] 
        },
        {
           "type": "bitmap",
            "file": "minecraft:gui/clickable/lobby/panel1/b2.png",
            "ascent": -80,"height": 80,
            "chars": [
                "\uF017"
            ] 
        },
        {
           "type": "bitmap",
            "file": "minecraft:gui/clickable/lobby/panel1/b3.png",
            "ascent": -80,"height": 80,
            "chars": [
                "\uF018"
            ] 
        },
        {
           "type": "bitmap",
            "file": "minecraft:rank/disconnect.png",
            "ascent": 8,"height": 9,
            "chars": [
                "\uF019"
            ] 
        },
        {
            "type": "bitmap",
            "file": "minecraft:rank/connect.png",
            "ascent": 8,"height": 9,
            "chars": [
                "\uF020"
            ]
        },
        {
            "type": "bitmap",
            "file": "minecraft:misc/mouse_button/mouse_l_1.png",
            "ascent": 8,"height": 9,
            "chars": [
                "\uF021"
            ]
        },
        {
            "type": "bitmap",
            "file": "minecraft:misc/mouse_button/mouse_l_2.png",
            "ascent": 8,"height": 9,
            "chars": [
                "\uF022"
            ]
        },
        {
            "type": "bitmap",
            "file": "minecraft:misc/mouse_button/mouse_r_1.png",
            "ascent": 8,"height": 9,
            "chars": [
                "\uF023"
            ]
        },
        {
            "type": "bitmap",
            "file": "minecraft:misc/mouse_button/mouse_r_2.png",
            "ascent": 8,"height": 9,
            "chars": [
                "\uF024"
            ]
        },
        {
            "type": "bitmap",
            "file": "minecraft:misc/mouse_button/mouse_r.png",
            "ascent": 8,"height": 9,
            "chars": [
                "\uF025"
            ]
        },
        {
            "type": "bitmap",
            "file": "guis/quick_menu/survie/row-1-column-1.png",
            "ascent": 13,"height": 132,
            "chars": [
                "\uF026"
            ]
        },
        {
            "type": "bitmap",
            "file": "guis/quick_menu/survie/row-1-column-2.png",
            "ascent": 13,"height": 132,
            "chars": [
                "\uF027"
            ]
        },
        {
            "type": "bitmap",
            "file": "guis/quick_menu/histoire/row-1-column-1.png",
            "ascent": 13,"height": 132,
            "chars": [
                "\uF028"
            ]
        },
        {
            "type": "bitmap",
            "file": "guis/quick_menu/histoire/row-1-column-2.png",
            "ascent": 13,"height": 132,
            "chars": [
                "\uF029"
            ]
        },
        {
            "type": "bitmap",
            "file": "guis/quick_menu/divers/row-1-column-1.png",
            "ascent": 13,"height": 132,
            "chars": [
                "\uF030"
            ]
        },
        {
            "type": "bitmap",
            "file": "guis/quick_menu/divers/row-1-column-2.png",
            "ascent": 13,"height": 132,
            "chars": [
                "\uF031"
            ]
        },
        {
            "type": "bitmap",
            "file": "guis/quick_menu/icons/user.png",
            "ascent": 7,"height": 7,
            "chars": [
                "\uF032"
            ]
        },
        {
            "type": "bitmap",
            "file": "guis/quick_menu/staff_menu/row-1-column-1.png",
            "ascent": 13,"height": 132,
            "chars": [
                "\uF033"
            ]
        },
        {
            "type": "bitmap",
            "file": "guis/quick_menu/staff_menu/row-1-column-2.png",
            "ascent": 13,"height": 132,
            "chars": [
                "\uF034"
            ]
        },
        {
            "type": "bitmap",
            "file": "guis/quick_menu/divers/settings/row-1-column-1.png",
            "ascent": 13,"height": 132,
            "chars": [
                "\uF035"
            ]
        },
        {
            "type": "bitmap",
            "file": "guis/quick_menu/divers/settings/row-1-column-2.png",
            "ascent": 13,"height": 132,
            "chars": [
                "\uF036"
            ]
        },
        {
            "type": "bitmap",
            "file": "guis/quick_menu/divers/cosmetics/row-1-column-1.png",
            "ascent": 13,"height": 132,
            "chars": [
                "\uF037"
            ]
        },
        {
            "type": "bitmap",
            "file": "guis/quick_menu/divers/cosmetics/row-1-column-2.png",
            "ascent": 13,"height": 132,
            "chars": [
                "\uF038"
            ]
        }
    ]
}