{
    "sources": [
        {
            "type": "single",
            "resource": "minecraft:items/customtotem1"
        },
        {
            "type": "single",
            "resource": "minecraft:items/tpstaff"
        },
        {
            "type": "single",
            "resource": "minecraft:guis/quick_menu/icons/world_savane"
        },
        {
            "type": "single",
            "resource": "minecraft:guis/quick_menu/icons/world_jungle"
        },
        {
            "type": "single",
            "resource": "minecraft:guis/quick_menu/icons/world_plage"
        },
        {
            "type": "single",
            "resource": "minecraft:guis/quick_menu/icons/world_grass"
        },
        {
            "type": "single",
            "resource": "minecraft:guis/quick_menu/icons/world_minage"
        },
        {
            "type": "single",
            "resource": "minecraft:guis/quick_menu/icons/home_bed"
        },
        {
            "type": "single",
            "resource": "minecraft:guis/quick_menu/icons/staff_inventories"
        },
        {
            "type": "single",
            "resource": "minecraft:guis/quick_menu/icons/world_staff"
        },
        {
            "type": "single",
            "resource": "minecraft:guis/quick_menu/icons/world_lobby"
        },
        {
            "type": "single",
            "resource": "minecraft:guis/quick_menu/icons/s_world_lobby"
        },
        {
            "type": "single",
            "resource": "minecraft:guis/quick_menu/icons/s_world_grass"
        },
        {
            "type": "single",
            "resource": "minecraft:guis/quick_menu/icons/s_world_jungle"
        },
        {
            "type": "single",
            "resource": "minecraft:guis/quick_menu/icons/s_world_minage"
        },
        {
            "type": "single",
            "resource": "minecraft:guis/quick_menu/icons/s_world_plage"
        },
        {
            "type": "single",
            "resource": "minecraft:guis/quick_menu/icons/s_world_savane"
        },
        {
            "type": "single",
            "resource": "minecraft:guis/quick_menu/icons/settings"
        },
        {
            "type": "single",
            "resource": "minecraft:guis/quick_menu/icons/s_settings"
        },
        {
            "type": "single",
            "resource": "minecraft:guis/quick_menu/icons/check"
        },
        {
            "type": "single",
            "resource": "minecraft:guis/quick_menu/icons/cross"
        },
        {
            "type": "single",
            "resource": "minecraft:guis/quick_menu/icons/p1"
        },
        {
            "type": "single",
            "resource": "minecraft:guis/quick_menu/icons/p2"
        },
        {
            "type": "single",
            "resource": "minecraft:guis/quick_menu/icons/p3"
        },
        {
            "type": "single",
            "resource": "minecraft:guis/quick_menu/icons/p4"
        },
        {
            "type": "single",
            "resource": "minecraft:guis/quick_menu/icons/p5"
        },
        {
            "type": "single",
            "resource": "minecraft:guis/quick_menu/icons/p6"
        },
        {
            "type": "single",
            "resource": "minecraft:guis/quick_menu/icons/p7"
        },
        {
            "type": "single",
            "resource": "minecraft:guis/quick_menu/icons/p8"
        },
        {
            "type": "single",
            "resource": "minecraft:guis/quick_menu/icons/p9"
        },
        {
            "type": "single",
            "resource": "minecraft:guis/quick_menu/icons/s_cosmetics"
        },
        {
            "type": "single",
            "resource": "minecraft:guis/quick_menu/icons/cosmetics"
        }
    ]
}