{
    "parent": "item/generated",
    "textures": {
        "layer0": "item/stick"
    },
    

    "display": {
        "thirdperson_righthand": {
            "scale": [0, 0, 0]
        },
        "thirdperson_lefthand": {
            "scale": [0, 0, 0]
        },
        "firstperson_righthand": {
            "scale": [2, 2, 2]
        },
        "firstperson_lefthand": {
            "scale": [0, 0, 0]
        }
    },

    
    "overrides": [
        {"predicate": {"custom_model_data":1}, "model": "item/customgui/quickmenu/world_grass"},
        {"predicate": {"custom_model_data":2}, "model": "item/customgui/quickmenu/world_plage"},
        {"predicate": {"custom_model_data":3}, "model": "item/customgui/quickmenu/world_jungle"},
        {"predicate": {"custom_model_data":4}, "model": "item/customgui/quickmenu/world_savane"},
        {"predicate": {"custom_model_data":5}, "model": "item/customgui/quickmenu/home_bed"},
        {"predicate": {"custom_model_data":6}, "model": "item/customgui/quickmenu/staff_inventories"},
        {"predicate": {"custom_model_data":7}, "model": "item/customgui/quickmenu/world_minage"},
        {"predicate": {"custom_model_data":8}, "model": "item/customgui/quickmenu/world_staff"},
        {"predicate": {"custom_model_data":9}, "model": "item/customgui/quickmenu/world_lobby"},
        {"predicate": {"custom_model_data":10}, "model": "item/customgui/quickmenu/s_world_lobby"},
        {"predicate": {"custom_model_data":11}, "model": "item/customgui/quickmenu/s_world_minage"},
        {"predicate": {"custom_model_data":12}, "model": "item/customgui/quickmenu/s_world_savane"},
        {"predicate": {"custom_model_data":13}, "model": "item/customgui/quickmenu/s_world_plage"},
        {"predicate": {"custom_model_data":14}, "model": "item/customgui/quickmenu/s_world_jungle"},
        {"predicate": {"custom_model_data":15}, "model": "item/customgui/quickmenu/s_world_grass"},
        {"predicate": {"custom_model_data":16}, "model": "item/customgui/quickmenu/settings"},
        {"predicate": {"custom_model_data":17}, "model": "item/customgui/quickmenu/s_settings"},
        {"predicate": {"custom_model_data":18}, "model": "item/customgui/quickmenu/check"},
        {"predicate": {"custom_model_data":19}, "model": "item/customgui/quickmenu/cross"},
        {"predicate": {"custom_model_data":20}, "model": "item/customgui/quickmenu/p1"},
        {"predicate": {"custom_model_data":21}, "model": "item/customgui/quickmenu/p2"},
        {"predicate": {"custom_model_data":22}, "model": "item/customgui/quickmenu/p3"},
        {"predicate": {"custom_model_data":23}, "model": "item/customgui/quickmenu/p4"},
        {"predicate": {"custom_model_data":24}, "model": "item/customgui/quickmenu/p5"},
        {"predicate": {"custom_model_data":25}, "model": "item/customgui/quickmenu/p6"},
        {"predicate": {"custom_model_data":26}, "model": "item/customgui/quickmenu/p7"},
        {"predicate": {"custom_model_data":27}, "model": "item/customgui/quickmenu/p8"},
        {"predicate": {"custom_model_data":28}, "model": "item/customgui/quickmenu/p9"},
        {"predicate": {"custom_model_data":29}, "model": "item/customgui/quickmenu/cosmetics"},
        {"predicate": {"custom_model_data":30}, "model": "item/customgui/quickmenu/s_cosmetics"}

    ]
}