{
	"credit": "Made with Blockbench",
	"texture_size": [32, 32],
	"textures": {
		"0": "block/fishbarrel/barrel_bottom_fishbarrel",
		"1": "block/fishbarrel/barrel_side_fishbarrel",
		"2": "block/fishbarrel/barrel_top_fishbarrel",
		"3": "block/fishbarrel/barrel_top_open_fishbarrel",
		"4": "block/fishbarrel/cod_fishbarrel",
		"particle": "block/fishbarrel/barrel_bottom_fishbarrel"
	},
	"elements": [
		{
			"from": [0, 0, 0],
			"to": [16, 13, 16],
			"faces": {
				"north": {"uv": [0, 3, 16, 16], "texture": "#1"},
				"east": {"uv": [0, 3, 16, 16], "texture": "#1"},
				"south": {"uv": [0, 3, 16, 16], "texture": "#1"},
				"west": {"uv": [0, 3, 16, 16], "texture": "#1"},
				"up": {"uv": [0, 0, 16, 16], "texture": "#3"},
				"down": {"uv": [0, 0, 16, 16], "texture": "#0"}
			}
		},
		{
			"from": [0, 13, 2],
			"to": [2, 16, 14],
			"faces": {
				"north": {"uv": [2, 3, 3, 4.5], "texture": "#1"},
				"east": {"uv": [2, 0, 14, 3], "texture": "#1"},
				"south": {"uv": [3, 3, 4, 4.5], "texture": "#1"},
				"west": {"uv": [2, 0, 14, 3], "texture": "#1"},
				"up": {"uv": [16, 14, 14, 2], "texture": "#3"},
				"down": {"uv": [2, 3, 1, 10], "texture": "#missing"}
			}
		},
		{
			"from": [0, 13, 0],
			"to": [16, 16, 2],
			"rotation": {"angle": 0, "axis": "y", "origin": [8, 14.5, 8]},
			"faces": {
				"north": {"uv": [0, 0, 16, 3], "texture": "#1"},
				"east": {"uv": [0, 0, 1, 1.5], "texture": "#1"},
				"south": {"uv": [0, 0, 16, 3], "texture": "#1"},
				"west": {"uv": [0, 0, 1, 1.5], "texture": "#1"},
				"up": {"uv": [14, 0, 16, 16], "rotation": 270, "texture": "#3"},
				"down": {"uv": [0, 0, 1, 8], "rotation": 90, "texture": "#missing"}
			}
		},
		{
			"from": [0, 13, 14],
			"to": [16, 16, 16],
			"rotation": {"angle": 0, "axis": "y", "origin": [8, 14.5, 8]},
			"faces": {
				"north": {"uv": [0, 0, 16, 3], "texture": "#1"},
				"east": {"uv": [0, 0, 2, 3], "texture": "#1"},
				"south": {"uv": [0, 0, 16, 3], "texture": "#1"},
				"west": {"uv": [0, 0, 1, 1.5], "texture": "#1"},
				"up": {"uv": [0, 0, 2, 16], "rotation": 270, "texture": "#3"},
				"down": {"uv": [0, 0, 1, 7], "rotation": 90, "texture": "#missing"}
			}
		},
		{
			"from": [14, 13, 2],
			"to": [16, 16, 14],
			"rotation": {"angle": 0, "axis": "y", "origin": [8, 14.5, 8]},
			"faces": {
				"north": {"uv": [0, 0, 1, 1.5], "texture": "#1"},
				"east": {"uv": [2, 0, 14, 3], "texture": "#1"},
				"south": {"uv": [0, 0, 1, 1.5], "texture": "#1"},
				"west": {"uv": [2, 0, 14, 3], "texture": "#1"},
				"up": {"uv": [0, 3, 2, 14], "rotation": 180, "texture": "#3"},
				"down": {"uv": [0, 0, 1, 7], "rotation": 180, "texture": "#missing"}
			}
		},
		{
			"from": [2, 13, 2],
			"to": [5, 16, 3],
			"rotation": {"angle": 0, "axis": "y", "origin": [8, 14.5, 3.25]},
			"faces": {
				"north": {"uv": [0, 0, 1.5, 1.5], "texture": "#1"},
				"east": {"uv": [0, 0, 0.5, 1.5], "texture": "#1"},
				"south": {"uv": [0, 0, 1.5, 1.5], "texture": "#1"},
				"west": {"uv": [0, 0, 0.5, 1.5], "texture": "#missing"},
				"up": {"uv": [12, 13, 15, 14], "texture": "#3"},
				"down": {"uv": [0, 0, 1.5, 0.5], "texture": "#missing"}
			}
		},
		{
			"from": [2, 13, 3],
			"to": [3, 16, 5],
			"rotation": {"angle": 0, "axis": "y", "origin": [8, 14.5, 3.25]},
			"faces": {
				"north": {"uv": [0, 0, 0.5, 1.5], "texture": "#1"},
				"east": {"uv": [0, 0, 1, 1.5], "texture": "#1"},
				"south": {"uv": [0, 0, 0.5, 1.5], "texture": "#1"},
				"west": {"uv": [0, 0, 1, 1.5], "texture": "#missing"},
				"up": {"uv": [13, 12, 14, 14], "rotation": 270, "texture": "#3"},
				"down": {"uv": [0, 0, 1, 0.5], "rotation": 90, "texture": "#missing"}
			}
		},
		{
			"from": [3, 13, 3],
			"to": [4, 16, 4],
			"rotation": {"angle": 0, "axis": "y", "origin": [8, 14.5, 3.25]},
			"faces": {
				"north": {"uv": [0, 0, 0.5, 1.5], "texture": "#1"},
				"east": {"uv": [0, 0, 0.5, 1.5], "texture": "#1"},
				"south": {"uv": [0, 0, 0.5, 1.5], "texture": "#1"},
				"west": {"uv": [0, 0, 0.5, 1.5], "texture": "#missing"},
				"up": {"uv": [12, 12, 12.5, 12.5], "rotation": 270, "texture": "#3"},
				"down": {"uv": [0, 0, 0.5, 0.5], "rotation": 90, "texture": "#missing"}
			}
		},
		{
			"from": [13, 13, 2],
			"to": [14, 16, 5],
			"rotation": {"angle": 0, "axis": "y", "origin": [8, 14.5, 3.25]},
			"faces": {
				"north": {"uv": [0, 0, 0.5, 1.5], "texture": "#1"},
				"east": {"uv": [0, 0, 1.5, 1.5], "texture": "#missing"},
				"south": {"uv": [0, 0, 0.5, 1.5], "texture": "#1"},
				"west": {"uv": [0, 0, 1.5, 1.5], "texture": "#1"},
				"up": {"uv": [2, 12, 3, 15], "rotation": 90, "texture": "#3"},
				"down": {"uv": [0, 0, 1.5, 0.5], "rotation": 270, "texture": "#missing"}
			}
		},
		{
			"from": [11, 13, 2],
			"to": [13, 16, 3],
			"rotation": {"angle": 0, "axis": "y", "origin": [8, 14.5, 3.25]},
			"faces": {
				"north": {"uv": [0, 0, 1, 1.5], "texture": "#1"},
				"east": {"uv": [0, 0, 0.5, 1.5], "texture": "#missing"},
				"south": {"uv": [0, 0, 1, 1.5], "texture": "#1"},
				"west": {"uv": [0, 0, 0.5, 1.5], "texture": "#1"},
				"up": {"uv": [3, 14, 5, 15], "texture": "#3"},
				"down": {"uv": [0, 0, 1, 0.5], "texture": "#missing"}
			}
		},
		{
			"from": [12, 13, 3],
			"to": [13, 16, 4],
			"rotation": {"angle": 0, "axis": "y", "origin": [8, 14.5, 3.25]},
			"faces": {
				"north": {"uv": [0, 0, 0.5, 1.5], "texture": "#1"},
				"east": {"uv": [0, 0, 0.5, 1.5], "texture": "#missing"},
				"south": {"uv": [0, 0, 0.5, 1.5], "texture": "#1"},
				"west": {"uv": [0, 0, 0.5, 1.5], "texture": "#1"},
				"up": {"uv": [3, 13, 4, 14], "texture": "#3"},
				"down": {"uv": [0, 0, 0.5, 0.5], "texture": "#missing"}
			}
		},
		{
			"from": [3, 13, 13],
			"to": [5, 16, 14],
			"rotation": {"angle": 0, "axis": "y", "origin": [8, 14.5, 3.25]},
			"faces": {
				"north": {"uv": [0, 0, 1, 1.5], "texture": "#1"},
				"east": {"uv": [0, 0, 0.5, 1.5], "texture": "#1"},
				"south": {"uv": [0, 0, 1, 1.5], "texture": "#1"},
				"west": {"uv": [0, 0, 0.5, 1.5], "texture": "#missing"},
				"up": {"uv": [3, 14, 5, 15], "rotation": 180, "texture": "#3"},
				"down": {"uv": [0, 0, 1, 0.5], "rotation": 180, "texture": "#missing"}
			}
		},
		{
			"from": [2, 13, 11],
			"to": [3, 16, 14],
			"rotation": {"angle": 0, "axis": "y", "origin": [8, 14.5, 3.25]},
			"faces": {
				"north": {"uv": [0, 0, 0.5, 1.5], "texture": "#1"},
				"east": {"uv": [0, 0, 1.5, 1.5], "texture": "#1"},
				"south": {"uv": [0, 0, 0.5, 1.5], "texture": "#1"},
				"west": {"uv": [0, 0, 1.5, 1.5], "texture": "#missing"},
				"up": {"uv": [2, 12, 3, 15], "rotation": 270, "texture": "#3"},
				"down": {"uv": [0, 0, 1.5, 0.5], "rotation": 90, "texture": "#missing"}
			}
		},
		{
			"from": [11, 13, 13],
			"to": [14, 16, 14],
			"rotation": {"angle": 0, "axis": "y", "origin": [8, 14.5, 3.25]},
			"faces": {
				"north": {"uv": [0, 0, 1.5, 1.5], "texture": "#1"},
				"east": {"uv": [0, 0, 0.5, 1.5], "texture": "#missing"},
				"south": {"uv": [0, 0, 1.5, 1.5], "texture": "#1"},
				"west": {"uv": [0, 0, 0.5, 1.5], "texture": "#1"},
				"up": {"uv": [12, 13, 15, 14], "rotation": 180, "texture": "#3"},
				"down": {"uv": [0, 0, 1.5, 0.5], "rotation": 180, "texture": "#missing"}
			}
		},
		{
			"from": [13, 13, 11],
			"to": [14, 16, 13],
			"rotation": {"angle": 0, "axis": "y", "origin": [8, 14.5, 3.25]},
			"faces": {
				"north": {"uv": [0, 0, 0.5, 1.5], "texture": "#1"},
				"east": {"uv": [0, 0, 1, 1.5], "texture": "#missing"},
				"south": {"uv": [0, 0, 0.5, 1.5], "texture": "#1"},
				"west": {"uv": [0, 0, 1, 1.5], "texture": "#1"},
				"up": {"uv": [13, 12, 14, 14], "rotation": 90, "texture": "#3"},
				"down": {"uv": [0, 0, 1, 0.5], "rotation": 270, "texture": "#missing"}
			}
		},
		{
			"from": [12, 13, 12],
			"to": [13, 16, 13],
			"rotation": {"angle": 0, "axis": "y", "origin": [8, 14.5, 3.25]},
			"faces": {
				"north": {"uv": [0, 0, 0.5, 1.5], "texture": "#1"},
				"east": {"uv": [0, 0, 0.5, 1.5], "texture": "#missing"},
				"south": {"uv": [0, 0, 0.5, 1.5], "texture": "#1"},
				"west": {"uv": [0, 0, 0.5, 1.5], "texture": "#1"},
				"up": {"uv": [12, 12, 12.5, 12.5], "rotation": 90, "texture": "#3"},
				"down": {"uv": [0, 0, 0.5, 0.5], "rotation": 270, "texture": "#missing"}
			}
		},
		{
			"from": [3, 13, 12],
			"to": [4, 16, 13],
			"rotation": {"angle": 0, "axis": "y", "origin": [8, 14.5, 3.25]},
			"faces": {
				"north": {"uv": [0, 0, 0.5, 1.5], "texture": "#1"},
				"east": {"uv": [0, 0, 0.5, 1.5], "texture": "#1"},
				"south": {"uv": [0, 0, 0.5, 1.5], "texture": "#1"},
				"west": {"uv": [0, 0, 0.5, 1.5], "texture": "#missing"},
				"up": {"uv": [3, 13, 4, 14], "rotation": 180, "texture": "#3"},
				"down": {"uv": [0, 0, 0.5, 0.5], "rotation": 180, "texture": "#missing"}
			}
		},
		{
			"from": [7, 12.1, 4],
			"to": [12, 13.1, 9],
			"faces": {
				"north": {"uv": [0, 0, 8, 0.5], "texture": "#4"},
				"east": {"uv": [0, 0, 8, 0.5], "texture": "#4"},
				"south": {"uv": [0, 0, 8, 0.5], "texture": "#4"},
				"west": {"uv": [0, 0, 8, 0.5], "texture": "#4"},
				"up": {"uv": [0, 0, 16, 16], "texture": "#4"},
				"down": {"uv": [0, 0, 8, 8], "texture": "#missing"}
			}
		},
		{
			"from": [4, 12.2, 5],
			"to": [9, 13.2, 10],
			"faces": {
				"north": {"uv": [0, 0, 8, 0.5], "texture": "#4"},
				"east": {"uv": [0, 0, 8, 0.5], "texture": "#4"},
				"south": {"uv": [0, 0, 8, 0.5], "texture": "#4"},
				"west": {"uv": [0, 0, 8, 0.5], "texture": "#4"},
				"up": {"uv": [0, 0, 16, 16], "texture": "#4"},
				"down": {"uv": [0, 0, 8, 8], "texture": "#missing"}
			}
		},
		{
			"from": [4, 12.3, 7],
			"to": [9, 13.3, 12],
			"faces": {
				"north": {"uv": [0, 0, 8, 0.5], "texture": "#4"},
				"east": {"uv": [0, 0, 8, 0.5], "texture": "#4"},
				"south": {"uv": [0, 0, 8, 0.5], "texture": "#4"},
				"west": {"uv": [0, 0, 8, 0.5], "texture": "#4"},
				"up": {"uv": [0, 0, 16, 16], "texture": "#4"},
				"down": {"uv": [0, 0, 8, 8], "texture": "#missing"}
			}
		},
		{
			"from": [7, 12.4, 7],
			"to": [12, 13.4, 12],
			"faces": {
				"north": {"uv": [0, 0, 8, 0.5], "texture": "#4"},
				"east": {"uv": [0, 0, 8, 0.5], "texture": "#4"},
				"south": {"uv": [0, 0, 8, 0.5], "texture": "#4"},
				"west": {"uv": [0, 0, 8, 0.5], "texture": "#4"},
				"up": {"uv": [0, 0, 16, 16], "texture": "#4"},
				"down": {"uv": [0, 0, 8, 8], "texture": "#missing"}
			}
		},
		{
			"from": [7, 12.2, 1],
			"to": [12, 13.2, 6],
			"faces": {
				"north": {"uv": [0, 0, 8, 0.5], "texture": "#4"},
				"east": {"uv": [0, 0, 8, 0.5], "texture": "#4"},
				"south": {"uv": [0, 0, 8, 0.5], "texture": "#4"},
				"west": {"uv": [0, 0, 8, 0.5], "texture": "#4"},
				"up": {"uv": [0, 0, 16, 16], "texture": "#4"},
				"down": {"uv": [0, 0, 8, 8], "texture": "#missing"}
			}
		},
		{
			"from": [10, 12.3, 1],
			"to": [15, 13.3, 6],
			"faces": {
				"north": {"uv": [0, 0, 8, 0.5], "texture": "#4"},
				"east": {"uv": [0, 0, 8, 0.5], "texture": "#4"},
				"south": {"uv": [0, 0, 8, 0.5], "texture": "#4"},
				"west": {"uv": [0, 0, 8, 0.5], "texture": "#4"},
				"up": {"uv": [0, 0, 16, 16], "texture": "#4"},
				"down": {"uv": [0, 0, 8, 8], "texture": "#missing"}
			}
		},
		{
			"from": [10, 12.5, 4],
			"to": [15, 13.5, 9],
			"faces": {
				"north": {"uv": [0, 0, 8, 0.5], "texture": "#4"},
				"east": {"uv": [0, 0, 8, 0.5], "texture": "#4"},
				"south": {"uv": [0, 0, 8, 0.5], "texture": "#4"},
				"west": {"uv": [0, 0, 8, 0.5], "texture": "#4"},
				"up": {"uv": [0, 0, 16, 16], "texture": "#4"},
				"down": {"uv": [0, 0, 8, 8], "texture": "#missing"}
			}
		},
		{
			"from": [10, 12.2, 7],
			"to": [15, 13.2, 12],
			"faces": {
				"north": {"uv": [0, 0, 8, 0.5], "texture": "#4"},
				"east": {"uv": [0, 0, 8, 0.5], "texture": "#4"},
				"south": {"uv": [0, 0, 8, 0.5], "texture": "#4"},
				"west": {"uv": [0, 0, 8, 0.5], "texture": "#4"},
				"up": {"uv": [0, 0, 16, 16], "texture": "#4"},
				"down": {"uv": [0, 0, 8, 8], "texture": "#missing"}
			}
		},
		{
			"from": [8, 12.4, 8],
			"to": [13, 13.4, 13],
			"faces": {
				"north": {"uv": [0, 0, 8, 0.5], "texture": "#4"},
				"east": {"uv": [0, 0, 8, 0.5], "texture": "#4"},
				"south": {"uv": [0, 0, 8, 0.5], "texture": "#4"},
				"west": {"uv": [0, 0, 8, 0.5], "texture": "#4"},
				"up": {"uv": [0, 0, 16, 16], "texture": "#4"},
				"down": {"uv": [0, 0, 8, 8], "texture": "#missing"}
			}
		},
		{
			"from": [5, 12.45, 9],
			"to": [10, 13.45, 14],
			"faces": {
				"north": {"uv": [0, 0, 8, 0.5], "texture": "#4"},
				"east": {"uv": [0, 0, 8, 0.5], "texture": "#4"},
				"south": {"uv": [0, 0, 8, 0.5], "texture": "#4"},
				"west": {"uv": [0, 0, 8, 0.5], "texture": "#4"},
				"up": {"uv": [0, 0, 16, 16], "texture": "#4"},
				"down": {"uv": [0, 0, 8, 8], "texture": "#missing"}
			}
		},
		{
			"from": [1, 12.1, 7],
			"to": [6, 13.1, 12],
			"faces": {
				"north": {"uv": [0, 0, 8, 0.5], "texture": "#4"},
				"east": {"uv": [0, 0, 8, 0.5], "texture": "#4"},
				"south": {"uv": [0, 0, 8, 0.5], "texture": "#4"},
				"west": {"uv": [0, 0, 8, 0.5], "texture": "#4"},
				"up": {"uv": [0, 0, 16, 16], "texture": "#4"},
				"down": {"uv": [0, 0, 8, 8], "texture": "#missing"}
			}
		},
		{
			"from": [2, 12.1, 3],
			"to": [7, 13.1, 8],
			"faces": {
				"north": {"uv": [0, 0, 8, 0.5], "texture": "#4"},
				"east": {"uv": [0, 0, 8, 0.5], "texture": "#4"},
				"south": {"uv": [0, 0, 8, 0.5], "texture": "#4"},
				"west": {"uv": [0, 0, 8, 0.5], "texture": "#4"},
				"up": {"uv": [0, 0, 16, 16], "texture": "#4"},
				"down": {"uv": [0, 0, 8, 8], "texture": "#missing"}
			}
		},
		{
			"from": [3.5, 13.1, 8.5],
			"to": [8.5, 14.1, 13.5],
			"rotation": {"angle": 0, "axis": "y", "origin": [8, 14.8, 7.5]},
			"faces": {
				"north": {"uv": [0, 0, 8, 0.5], "texture": "#4"},
				"east": {"uv": [0, 0, 8, 0.5], "texture": "#4"},
				"south": {"uv": [0, 0, 8, 0.5], "texture": "#4"},
				"west": {"uv": [0, 0, 8, 0.5], "texture": "#4"},
				"up": {"uv": [0, 0, 16, 16], "rotation": 270, "texture": "#4"},
				"down": {"uv": [0, 0, 8, 8], "rotation": 90, "texture": "#missing"}
			}
		},
		{
			"from": [4.5, 13.1, 3.5],
			"to": [9.5, 14.1, 8.5],
			"rotation": {"angle": 0, "axis": "y", "origin": [8, 14.8, 7.5]},
			"faces": {
				"north": {"uv": [0, 0, 8, 0.5], "texture": "#4"},
				"east": {"uv": [0, 0, 8, 0.5], "texture": "#4"},
				"south": {"uv": [0, 0, 8, 0.5], "texture": "#4"},
				"west": {"uv": [0, 0, 8, 0.5], "texture": "#4"},
				"up": {"uv": [0, 0, 16, 16], "rotation": 270, "texture": "#4"},
				"down": {"uv": [0, 0, 8, 8], "rotation": 90, "texture": "#missing"}
			}
		},
		{
			"from": [5.5, 13.2, 6.5],
			"to": [10.5, 14.2, 11.5],
			"rotation": {"angle": 0, "axis": "y", "origin": [8, 14.8, 7.5]},
			"faces": {
				"north": {"uv": [0, 0, 8, 0.5], "texture": "#4"},
				"east": {"uv": [0, 0, 8, 0.5], "texture": "#4"},
				"south": {"uv": [0, 0, 8, 0.5], "texture": "#4"},
				"west": {"uv": [0, 0, 8, 0.5], "texture": "#4"},
				"up": {"uv": [0, 0, 16, 16], "rotation": 270, "texture": "#4"},
				"down": {"uv": [0, 0, 8, 8], "rotation": 90, "texture": "#missing"}
			}
		},
		{
			"from": [7.5, 13.3, 6.5],
			"to": [12.5, 14.3, 11.5],
			"rotation": {"angle": 0, "axis": "y", "origin": [8, 14.8, 7.5]},
			"faces": {
				"north": {"uv": [0, 0, 8, 0.5], "texture": "#4"},
				"east": {"uv": [0, 0, 8, 0.5], "texture": "#4"},
				"south": {"uv": [0, 0, 8, 0.5], "texture": "#4"},
				"west": {"uv": [0, 0, 8, 0.5], "texture": "#4"},
				"up": {"uv": [0, 0, 16, 16], "rotation": 270, "texture": "#4"},
				"down": {"uv": [0, 0, 8, 8], "rotation": 90, "texture": "#missing"}
			}
		},
		{
			"from": [7.5, 13.4, 3.5],
			"to": [12.5, 14.4, 8.5],
			"rotation": {"angle": 0, "axis": "y", "origin": [8, 14.8, 7.5]},
			"faces": {
				"north": {"uv": [0, 0, 8, 0.5], "texture": "#4"},
				"east": {"uv": [0, 0, 8, 0.5], "texture": "#4"},
				"south": {"uv": [0, 0, 8, 0.5], "texture": "#4"},
				"west": {"uv": [0, 0, 8, 0.5], "texture": "#4"},
				"up": {"uv": [0, 0, 16, 16], "rotation": 270, "texture": "#4"},
				"down": {"uv": [0, 0, 8, 8], "rotation": 90, "texture": "#missing"}
			}
		},
		{
			"from": [1.5, 13.2, 3.5],
			"to": [6.5, 14.2, 8.5],
			"rotation": {"angle": 0, "axis": "y", "origin": [8, 14.8, 7.5]},
			"faces": {
				"north": {"uv": [0, 0, 8, 0.5], "texture": "#4"},
				"east": {"uv": [0, 0, 8, 0.5], "texture": "#4"},
				"south": {"uv": [0, 0, 8, 0.5], "texture": "#4"},
				"west": {"uv": [0, 0, 8, 0.5], "texture": "#4"},
				"up": {"uv": [0, 0, 16, 16], "rotation": 270, "texture": "#4"},
				"down": {"uv": [0, 0, 8, 8], "rotation": 90, "texture": "#missing"}
			}
		},
		{
			"from": [1.5, 13.3, 0.5],
			"to": [6.5, 14.3, 5.5],
			"rotation": {"angle": 0, "axis": "y", "origin": [8, 14.8, 7.5]},
			"faces": {
				"north": {"uv": [0, 0, 8, 0.5], "texture": "#4"},
				"east": {"uv": [0, 0, 8, 0.5], "texture": "#4"},
				"south": {"uv": [0, 0, 8, 0.5], "texture": "#4"},
				"west": {"uv": [0, 0, 8, 0.5], "texture": "#4"},
				"up": {"uv": [0, 0, 16, 16], "rotation": 270, "texture": "#4"},
				"down": {"uv": [0, 0, 8, 8], "rotation": 90, "texture": "#missing"}
			}
		},
		{
			"from": [4.5, 13.5, 0.5],
			"to": [9.5, 14.5, 5.5],
			"rotation": {"angle": 0, "axis": "y", "origin": [8, 14.8, 7.5]},
			"faces": {
				"north": {"uv": [0, 0, 8, 0.5], "texture": "#4"},
				"east": {"uv": [0, 0, 8, 0.5], "texture": "#4"},
				"south": {"uv": [0, 0, 8, 0.5], "texture": "#4"},
				"west": {"uv": [0, 0, 8, 0.5], "texture": "#4"},
				"up": {"uv": [0, 0, 16, 16], "rotation": 270, "texture": "#4"},
				"down": {"uv": [0, 0, 8, 8], "rotation": 90, "texture": "#missing"}
			}
		},
		{
			"from": [7.5, 13.2, 0.5],
			"to": [12.5, 14.2, 5.5],
			"rotation": {"angle": 0, "axis": "y", "origin": [8, 14.8, 7.5]},
			"faces": {
				"north": {"uv": [0, 0, 8, 0.5], "texture": "#4"},
				"east": {"uv": [0, 0, 8, 0.5], "texture": "#4"},
				"south": {"uv": [0, 0, 8, 0.5], "texture": "#4"},
				"west": {"uv": [0, 0, 8, 0.5], "texture": "#4"},
				"up": {"uv": [0, 0, 16, 16], "rotation": 270, "texture": "#4"},
				"down": {"uv": [0, 0, 8, 8], "rotation": 90, "texture": "#missing"}
			}
		},
		{
			"from": [8.5, 13.4, 2.5],
			"to": [13.5, 14.4, 7.5],
			"rotation": {"angle": 0, "axis": "y", "origin": [8, 14.8, 7.5]},
			"faces": {
				"north": {"uv": [0, 0, 8, 0.5], "texture": "#4"},
				"east": {"uv": [0, 0, 8, 0.5], "texture": "#4"},
				"south": {"uv": [0, 0, 8, 0.5], "texture": "#4"},
				"west": {"uv": [0, 0, 8, 0.5], "texture": "#4"},
				"up": {"uv": [0, 0, 16, 16], "rotation": 270, "texture": "#4"},
				"down": {"uv": [0, 0, 8, 8], "rotation": 90, "texture": "#missing"}
			}
		},
		{
			"from": [9.5, 13.45, 5.5],
			"to": [14.5, 14.45, 10.5],
			"rotation": {"angle": -22.5, "axis": "y", "origin": [12, 13.95, 8]},
			"faces": {
				"north": {"uv": [0, 0, 8, 0.5], "texture": "#4"},
				"east": {"uv": [0, 0, 8, 0.5], "texture": "#4"},
				"south": {"uv": [0, 0, 8, 0.5], "texture": "#4"},
				"west": {"uv": [0, 0, 8, 0.5], "texture": "#4"},
				"up": {"uv": [0, 0, 16, 16], "rotation": 180, "texture": "#4"},
				"down": {"uv": [0, 0, 8, 8], "rotation": 180, "texture": "#missing"}
			}
		},
		{
			"from": [7.5, 13.1, 9.5],
			"to": [12.5, 14.1, 14.5],
			"rotation": {"angle": 0, "axis": "y", "origin": [8, 14.8, 7.5]},
			"faces": {
				"north": {"uv": [0, 0, 8, 0.5], "texture": "#4"},
				"east": {"uv": [0, 0, 8, 0.5], "texture": "#4"},
				"south": {"uv": [0, 0, 8, 0.5], "texture": "#4"},
				"west": {"uv": [0, 0, 8, 0.5], "texture": "#4"},
				"up": {"uv": [0, 0, 16, 16], "rotation": 270, "texture": "#4"},
				"down": {"uv": [0, 0, 8, 8], "rotation": 90, "texture": "#missing"}
			}
		},
		{
			"from": [2, 13.1, 2],
			"to": [7, 14.1, 7],
			"rotation": {"angle": 22.5, "axis": "x", "origin": [4.5, 13.6, 5.5]},
			"faces": {
				"north": {"uv": [0, 0, 8, 0.5], "texture": "#4"},
				"east": {"uv": [0, 0, 8, 0.5], "texture": "#4"},
				"south": {"uv": [0, 0, 8, 0.5], "texture": "#4"},
				"west": {"uv": [0, 0, 8, 0.5], "texture": "#4"},
				"up": {"uv": [0, 0, 16, 16], "texture": "#4"},
				"down": {"uv": [0, 0, 8, 8], "texture": "#missing"}
			}
		},
		{
			"from": [5, 13.1, 2],
			"to": [10, 14.1, 7],
			"rotation": {"angle": 22.5, "axis": "x", "origin": [4.5, 13.6, 5.5]},
			"faces": {
				"north": {"uv": [0, 0, 8, 0.5], "texture": "#4"},
				"east": {"uv": [0, 0, 8, 0.5], "texture": "#4"},
				"south": {"uv": [0, 0, 8, 0.5], "texture": "#4"},
				"west": {"uv": [0, 0, 8, 0.5], "texture": "#4"},
				"up": {"uv": [0, 0, 16, 16], "texture": "#4"},
				"down": {"uv": [0, 0, 8, 8], "texture": "#missing"}
			}
		},
		{
			"from": [2.72878, 14.34986, 5.5],
			"to": [7.72878, 15.34986, 10.5],
			"rotation": {"angle": 0, "axis": "y", "origin": [8, 16.8, 7.5]},
			"faces": {
				"north": {"uv": [0, 0, 8, 0.5], "texture": "#4"},
				"east": {"uv": [0, 0, 8, 0.5], "texture": "#4"},
				"south": {"uv": [0, 0, 8, 0.5], "texture": "#4"},
				"west": {"uv": [0, 0, 8, 0.5], "texture": "#4"},
				"up": {"uv": [0, 0, 16, 16], "rotation": 270, "texture": "#4"},
				"down": {"uv": [0, 0, 8, 8], "rotation": 90, "texture": "#missing"}
			}
		},
		{
			"from": [9.38909, 14.1, 3.93934],
			"to": [14.38909, 15.1, 8.93934],
			"rotation": {"angle": 45, "axis": "y", "origin": [11.88909, 14.6, 6.43934]},
			"faces": {
				"north": {"uv": [0, 0, 8, 0.5], "texture": "#4"},
				"east": {"uv": [0, 0, 8, 0.5], "texture": "#4"},
				"south": {"uv": [0, 0, 8, 0.5], "texture": "#4"},
				"west": {"uv": [0, 0, 8, 0.5], "texture": "#4"},
				"up": {"uv": [0, 0, 16, 16], "rotation": 90, "texture": "#4"},
				"down": {"uv": [0, 0, 8, 8], "rotation": 270, "texture": "#missing"}
			}
		},
		{
			"from": [4, 14.1, 6],
			"to": [9, 15.1, 11],
			"rotation": {"angle": 45, "axis": "y", "origin": [8, 16.42493, 7.5]},
			"faces": {
				"north": {"uv": [0, 0, 8, 0.5], "texture": "#4"},
				"east": {"uv": [0, 0, 8, 0.5], "texture": "#4"},
				"south": {"uv": [0, 0, 8, 0.5], "texture": "#4"},
				"west": {"uv": [0, 0, 8, 0.5], "texture": "#4"},
				"up": {"uv": [0, 0, 16, 16], "rotation": 180, "texture": "#4"},
				"down": {"uv": [0, 0, 8, 8], "rotation": 180, "texture": "#missing"}
			}
		},
		{
			"from": [6.56066, 14.2, 3.93934],
			"to": [11.56066, 15.2, 8.93934],
			"rotation": {"angle": 0, "axis": "y", "origin": [9.06066, 14.7, 6.43934]},
			"faces": {
				"north": {"uv": [0, 0, 8, 0.5], "texture": "#4"},
				"east": {"uv": [0, 0, 8, 0.5], "texture": "#4"},
				"south": {"uv": [0, 0, 8, 0.5], "texture": "#4"},
				"west": {"uv": [0, 0, 8, 0.5], "texture": "#4"},
				"up": {"uv": [0, 0, 16, 16], "texture": "#4"},
				"down": {"uv": [0, 0, 8, 8], "texture": "#missing"}
			}
		},
		{
			"from": [7, 14.3, 3],
			"to": [12, 15.3, 8],
			"rotation": {"angle": 45, "axis": "y", "origin": [8, 16.42493, 7.5]},
			"faces": {
				"north": {"uv": [0, 0, 8, 0.5], "texture": "#4"},
				"east": {"uv": [0, 0, 8, 0.5], "texture": "#4"},
				"south": {"uv": [0, 0, 8, 0.5], "texture": "#4"},
				"west": {"uv": [0, 0, 8, 0.5], "texture": "#4"},
				"up": {"uv": [0, 0, 16, 16], "rotation": 180, "texture": "#4"},
				"down": {"uv": [0, 0, 8, 8], "rotation": 180, "texture": "#missing"}
			}
		},
		{
			"from": [4, 14.4, 3],
			"to": [9, 15.4, 8],
			"rotation": {"angle": 45, "axis": "y", "origin": [8, 16.42493, 7.5]},
			"faces": {
				"north": {"uv": [0, 0, 8, 0.5], "texture": "#4"},
				"east": {"uv": [0, 0, 8, 0.5], "texture": "#4"},
				"south": {"uv": [0, 0, 8, 0.5], "texture": "#4"},
				"west": {"uv": [0, 0, 8, 0.5], "texture": "#4"},
				"up": {"uv": [0, 0, 16, 16], "rotation": 180, "texture": "#4"},
				"down": {"uv": [0, 0, 8, 8], "rotation": 180, "texture": "#missing"}
			}
		},
		{
			"from": [7.26777, 14.2, 8.88909],
			"to": [12.26777, 15.2, 13.88909],
			"rotation": {"angle": 22.5, "axis": "y", "origin": [9.76777, 14.7, 11.38909]},
			"faces": {
				"north": {"uv": [0, 0, 8, 0.5], "texture": "#4"},
				"east": {"uv": [0, 0, 8, 0.5], "texture": "#4"},
				"south": {"uv": [0, 0, 8, 0.5], "texture": "#4"},
				"west": {"uv": [0, 0, 8, 0.5], "texture": "#4"},
				"up": {"uv": [0, 0, 16, 16], "rotation": 90, "texture": "#4"},
				"down": {"uv": [0, 0, 8, 8], "rotation": 270, "texture": "#missing"}
			}
		},
		{
			"from": [1, 14.3, 9],
			"to": [6, 15.3, 14],
			"rotation": {"angle": 45, "axis": "y", "origin": [8, 16.42493, 7.5]},
			"faces": {
				"north": {"uv": [0, 0, 8, 0.5], "texture": "#4"},
				"east": {"uv": [0, 0, 8, 0.5], "texture": "#4"},
				"south": {"uv": [0, 0, 8, 0.5], "texture": "#4"},
				"west": {"uv": [0, 0, 8, 0.5], "texture": "#4"},
				"up": {"uv": [0, 0, 16, 16], "rotation": 180, "texture": "#4"},
				"down": {"uv": [0, 0, 8, 8], "rotation": 180, "texture": "#missing"}
			}
		},
		{
			"from": [3.02513, 14.5, 8.88909],
			"to": [8.02513, 15.5, 13.88909],
			"rotation": {"angle": 0, "axis": "y", "origin": [5.52513, 15, 11.38909]},
			"faces": {
				"north": {"uv": [0, 0, 8, 0.5], "texture": "#4"},
				"east": {"uv": [0, 0, 8, 0.5], "texture": "#4"},
				"south": {"uv": [0, 0, 8, 0.5], "texture": "#4"},
				"west": {"uv": [0, 0, 8, 0.5], "texture": "#4"},
				"up": {"uv": [0, 0, 16, 16], "texture": "#4"},
				"down": {"uv": [0, 0, 8, 8], "texture": "#missing"}
			}
		},
		{
			"from": [1, 14.2, 3],
			"to": [6, 15.2, 8],
			"rotation": {"angle": 45, "axis": "y", "origin": [8, 16.42493, 7.5]},
			"faces": {
				"north": {"uv": [0, 0, 8, 0.5], "texture": "#4"},
				"east": {"uv": [0, 0, 8, 0.5], "texture": "#4"},
				"south": {"uv": [0, 0, 8, 0.5], "texture": "#4"},
				"west": {"uv": [0, 0, 8, 0.5], "texture": "#4"},
				"up": {"uv": [0, 0, 16, 16], "rotation": 180, "texture": "#4"},
				"down": {"uv": [0, 0, 8, 8], "rotation": 180, "texture": "#missing"}
			}
		},
		{
			"from": [3, 14.4, 2],
			"to": [8, 15.4, 7],
			"rotation": {"angle": 45, "axis": "y", "origin": [8, 16.42493, 7.5]},
			"faces": {
				"north": {"uv": [0, 0, 8, 0.5], "texture": "#4"},
				"east": {"uv": [0, 0, 8, 0.5], "texture": "#4"},
				"south": {"uv": [0, 0, 8, 0.5], "texture": "#4"},
				"west": {"uv": [0, 0, 8, 0.5], "texture": "#4"},
				"up": {"uv": [0, 0, 16, 16], "rotation": 180, "texture": "#4"},
				"down": {"uv": [0, 0, 8, 8], "rotation": 180, "texture": "#missing"}
			}
		},
		{
			"from": [6, 14.45, 1],
			"to": [11, 15.45, 6],
			"rotation": {"angle": 45, "axis": "y", "origin": [8, 16.42493, 7.5]},
			"faces": {
				"north": {"uv": [0, 0, 8, 0.5], "texture": "#4"},
				"east": {"uv": [0, 0, 8, 0.5], "texture": "#4"},
				"south": {"uv": [0, 0, 8, 0.5], "texture": "#4"},
				"west": {"uv": [0, 0, 8, 0.5], "texture": "#4"},
				"up": {"uv": [0, 0, 16, 16], "rotation": 180, "texture": "#4"},
				"down": {"uv": [0, 0, 8, 8], "rotation": 180, "texture": "#missing"}
			}
		},
		{
			"from": [10, 14.1, 3],
			"to": [15, 15.1, 8],
			"rotation": {"angle": 45, "axis": "y", "origin": [8, 16.42493, 7.5]},
			"faces": {
				"north": {"uv": [0, 0, 8, 0.5], "texture": "#4"},
				"east": {"uv": [0, 0, 8, 0.5], "texture": "#4"},
				"south": {"uv": [0, 0, 8, 0.5], "texture": "#4"},
				"west": {"uv": [0, 0, 8, 0.5], "texture": "#4"},
				"up": {"uv": [0, 0, 16, 16], "rotation": 180, "texture": "#4"},
				"down": {"uv": [0, 0, 8, 8], "rotation": 180, "texture": "#missing"}
			}
		},
		{
			"from": [2.72878, 13.34986, 8.5],
			"to": [7.72878, 14.34986, 13.5],
			"rotation": {"angle": 45, "axis": "y", "origin": [8, 16.42493, 7.5]},
			"faces": {
				"north": {"uv": [0, 0, 8, 0.5], "texture": "#4"},
				"east": {"uv": [0, 0, 8, 0.5], "texture": "#4"},
				"south": {"uv": [0, 0, 8, 0.5], "texture": "#4"},
				"west": {"uv": [0, 0, 8, 0.5], "texture": "#4"},
				"up": {"uv": [0, 0, 16, 16], "rotation": 270, "texture": "#4"},
				"down": {"uv": [0, 0, 8, 8], "rotation": 90, "texture": "#missing"}
			}
		},
		{
			"from": [-3.5, 1.85979, 4],
			"to": [-2.5, 9.85979, 12],
			"rotation": {"angle": -22.5, "axis": "z", "origin": [-3.20631, 5.85979, 8]},
			"faces": {
				"north": {"uv": [0, 0, 4, 0.5], "rotation": 90, "texture": "#2"},
				"east": {"uv": [0, 0, 4, 4], "rotation": 270, "texture": "#2"},
				"south": {"uv": [0, 0, 4, 0.5], "rotation": 270, "texture": "#2"},
				"west": {"uv": [3, 4, 12, 13], "rotation": 270, "texture": "#2"},
				"up": {"uv": [0, 0, 4, 0.5], "rotation": 270, "texture": "#2"},
				"down": {"uv": [0, 0, 4, 0.5], "rotation": 270, "texture": "#2"}
			}
		},
		{
			"from": [-3.5, 2.85979, 12],
			"to": [-2.5, 8.85979, 14],
			"rotation": {"angle": -22.5, "axis": "z", "origin": [-3.20631, 5.85979, 8]},
			"faces": {
				"north": {"uv": [0, 0, 3, 0.5], "rotation": 90, "texture": "#2"},
				"east": {"uv": [0, 0, 3, 1], "rotation": 270, "texture": "#2"},
				"south": {"uv": [0, 0, 3, 0.5], "rotation": 270, "texture": "#2"},
				"west": {"uv": [0, 0, 3, 1], "rotation": 270, "texture": "#2"},
				"up": {"uv": [0, 0, 1, 0.5], "rotation": 270, "texture": "#2"},
				"down": {"uv": [0, 0, 1, 0.5], "rotation": 270, "texture": "#2"}
			}
		},
		{
			"from": [-3.5, 2.85979, 2],
			"to": [-2.5, 8.85979, 4],
			"rotation": {"angle": -22.5, "axis": "z", "origin": [-3.20631, 5.85979, 8]},
			"faces": {
				"north": {"uv": [0, 0, 3, 0.5], "rotation": 90, "texture": "#2"},
				"east": {"uv": [0, 0, 3, 1], "rotation": 270, "texture": "#2"},
				"south": {"uv": [0, 0, 3, 0.5], "rotation": 270, "texture": "#2"},
				"west": {"uv": [0, 0, 3, 1], "rotation": 270, "texture": "#2"},
				"up": {"uv": [0, 0, 1, 0.5], "rotation": 270, "texture": "#2"},
				"down": {"uv": [0, 0, 1, 0.5], "rotation": 270, "texture": "#2"}
			}
		},
		{
			"from": [-3.5, -0.14021, 5],
			"to": [-2.5, 1.85979, 11],
			"rotation": {"angle": -22.5, "axis": "z", "origin": [-3.20631, 5.85979, 8]},
			"faces": {
				"north": {"uv": [0, 0, 1, 0.5], "rotation": 90, "texture": "#2"},
				"east": {"uv": [0, 0, 3, 1], "texture": "#2"},
				"south": {"uv": [0, 0, 1, 0.5], "rotation": 270, "texture": "#2"},
				"west": {"uv": [0, 0, 3, 1], "rotation": 180, "texture": "#2"},
				"up": {"uv": [0, 0, 3, 0.5], "rotation": 270, "texture": "#2"},
				"down": {"uv": [0, 0, 3, 0.5], "rotation": 270, "texture": "#2"}
			}
		},
		{
			"from": [-3.5, 0.85979, 4],
			"to": [-2.5, 1.85979, 5],
			"rotation": {"angle": -22.5, "axis": "z", "origin": [-3.20631, 5.85979, 8]},
			"faces": {
				"north": {"uv": [0, 0, 0.5, 0.5], "rotation": 90, "texture": "#2"},
				"east": {"uv": [0, 0, 0.5, 0.5], "texture": "#2"},
				"south": {"uv": [0, 0, 0.5, 0.5], "rotation": 270, "texture": "#2"},
				"west": {"uv": [0, 0, 0.5, 0.5], "rotation": 180, "texture": "#2"},
				"up": {"uv": [0, 0, 0.5, 0.5], "rotation": 270, "texture": "#2"},
				"down": {"uv": [0, 0, 0.5, 0.5], "rotation": 270, "texture": "#2"}
			}
		},
		{
			"from": [-3.5, 9.85979, 4],
			"to": [-2.5, 10.85979, 5],
			"rotation": {"angle": -22.5, "axis": "z", "origin": [-3.20631, 5.85979, 8]},
			"faces": {
				"north": {"uv": [0, 0, 0.5, 0.5], "rotation": 90, "texture": "#2"},
				"east": {"uv": [0, 0, 0.5, 0.5], "texture": "#2"},
				"south": {"uv": [0, 0, 0.5, 0.5], "rotation": 270, "texture": "#2"},
				"west": {"uv": [0, 0, 0.5, 0.5], "rotation": 180, "texture": "#2"},
				"up": {"uv": [0, 0, 0.5, 0.5], "rotation": 270, "texture": "#2"},
				"down": {"uv": [0, 0, 0.5, 0.5], "rotation": 270, "texture": "#2"}
			}
		},
		{
			"from": [-3.5, 8.85979, 3],
			"to": [-2.5, 9.85979, 4],
			"rotation": {"angle": -22.5, "axis": "z", "origin": [-3.20631, 5.85979, 8]},
			"faces": {
				"north": {"uv": [0, 0, 0.5, 0.5], "rotation": 90, "texture": "#2"},
				"east": {"uv": [0, 0, 0.5, 0.5], "texture": "#2"},
				"south": {"uv": [0, 0, 0.5, 0.5], "rotation": 270, "texture": "#2"},
				"west": {"uv": [0, 0, 0.5, 0.5], "rotation": 180, "texture": "#2"},
				"up": {"uv": [0, 0, 0.5, 0.5], "rotation": 270, "texture": "#2"},
				"down": {"uv": [0, 0, 0.5, 0.5], "rotation": 270, "texture": "#2"}
			}
		},
		{
			"from": [-3.5, 1.85979, 3],
			"to": [-2.5, 2.85979, 4],
			"rotation": {"angle": -22.5, "axis": "z", "origin": [-3.20631, 5.85979, 8]},
			"faces": {
				"north": {"uv": [0, 0, 0.5, 0.5], "rotation": 90, "texture": "#2"},
				"east": {"uv": [0, 0, 0.5, 0.5], "texture": "#2"},
				"south": {"uv": [0, 0, 0.5, 0.5], "rotation": 270, "texture": "#2"},
				"west": {"uv": [0, 0, 0.5, 0.5], "rotation": 180, "texture": "#2"},
				"up": {"uv": [0, 0, 0.5, 0.5], "rotation": 270, "texture": "#2"},
				"down": {"uv": [0, 0, 0.5, 0.5], "rotation": 270, "texture": "#2"}
			}
		},
		{
			"from": [-3.5, 8.85979, 12],
			"to": [-2.5, 9.85979, 13],
			"rotation": {"angle": -22.5, "axis": "z", "origin": [-3.20631, 5.85979, 8]},
			"faces": {
				"north": {"uv": [0, 0, 0.5, 0.5], "rotation": 90, "texture": "#2"},
				"east": {"uv": [0, 0, 0.5, 0.5], "rotation": 180, "texture": "#2"},
				"south": {"uv": [0, 0, 0.5, 0.5], "rotation": 270, "texture": "#2"},
				"west": {"uv": [0, 0, 0.5, 0.5], "texture": "#2"},
				"up": {"uv": [0, 0, 0.5, 0.5], "rotation": 270, "texture": "#2"},
				"down": {"uv": [0, 0, 0.5, 0.5], "rotation": 270, "texture": "#2"}
			}
		},
		{
			"from": [-3.5, 9.85979, 11],
			"to": [-2.5, 10.85979, 12],
			"rotation": {"angle": -22.5, "axis": "z", "origin": [-3.20631, 5.85979, 8]},
			"faces": {
				"north": {"uv": [0, 0, 0.5, 0.5], "rotation": 90, "texture": "#2"},
				"east": {"uv": [0, 0, 0.5, 0.5], "rotation": 180, "texture": "#2"},
				"south": {"uv": [0, 0, 0.5, 0.5], "rotation": 270, "texture": "#2"},
				"west": {"uv": [0, 0, 0.5, 0.5], "texture": "#2"},
				"up": {"uv": [0, 0, 0.5, 0.5], "rotation": 270, "texture": "#2"},
				"down": {"uv": [0, 0, 0.5, 0.5], "rotation": 270, "texture": "#2"}
			}
		},
		{
			"from": [-3.5, 1.85979, 12],
			"to": [-2.5, 2.85979, 13],
			"rotation": {"angle": -22.5, "axis": "z", "origin": [-3.20631, 5.85979, 8]},
			"faces": {
				"north": {"uv": [0, 0, 0.5, 0.5], "rotation": 90, "texture": "#2"},
				"east": {"uv": [0, 0, 0.5, 0.5], "rotation": 180, "texture": "#2"},
				"south": {"uv": [0, 0, 0.5, 0.5], "rotation": 270, "texture": "#2"},
				"west": {"uv": [0, 0, 0.5, 0.5], "texture": "#2"},
				"up": {"uv": [0, 0, 0.5, 0.5], "rotation": 270, "texture": "#2"},
				"down": {"uv": [0, 0, 0.5, 0.5], "rotation": 270, "texture": "#2"}
			}
		},
		{
			"from": [-3.5, 0.85979, 11],
			"to": [-2.5, 1.85979, 12],
			"rotation": {"angle": -22.5, "axis": "z", "origin": [-3.20631, 5.85979, 8]},
			"faces": {
				"north": {"uv": [0, 0, 0.5, 0.5], "rotation": 90, "texture": "#2"},
				"east": {"uv": [0, 0, 0.5, 0.5], "rotation": 180, "texture": "#2"},
				"south": {"uv": [0, 0, 0.5, 0.5], "rotation": 270, "texture": "#2"},
				"west": {"uv": [0, 0, 0.5, 0.5], "texture": "#2"},
				"up": {"uv": [0, 0, 0.5, 0.5], "rotation": 270, "texture": "#2"},
				"down": {"uv": [0, 0, 0.5, 0.5], "rotation": 270, "texture": "#2"}
			}
		},
		{
			"from": [-3.5, 9.85979, 5],
			"to": [-2.5, 11.85979, 11],
			"rotation": {"angle": -22.5, "axis": "z", "origin": [-3.20631, 5.85979, 8]},
			"faces": {
				"north": {"uv": [0, 0, 1, 0.5], "rotation": 90, "texture": "#2"},
				"east": {"uv": [0, 0, 3, 1], "texture": "#2"},
				"south": {"uv": [0, 0, 1, 0.5], "rotation": 270, "texture": "#2"},
				"west": {"uv": [0, 0, 3, 1], "rotation": 180, "texture": "#2"},
				"up": {"uv": [0, 0, 3, 0.5], "rotation": 270, "texture": "#2"},
				"down": {"uv": [0, 0, 3, 0.5], "rotation": 270, "texture": "#2"}
			}
		}
	],
	"display": {
		"fixed": {
			"rotation": [-90, 0, 0],
			"translation": [0, 0, -16],
			"scale": [2, 2, 2]
		}
	},
	"groups": [
		0,
		1,
		2,
		3,
		4,
		5,
		6,
		7,
		8,
		9,
		10,
		11,
		12,
		13,
		14,
		15,
		16,
		17,
		18,
		19,
		20,
		21,
		22,
		23,
		24,
		25,
		26,
		27,
		28,
		29,
		30,
		31,
		32,
		33,
		34,
		35,
		36,
		37,
		38,
		39,
		40,
		41,
		42,
		43,
		44,
		45,
		46,
		47,
		48,
		49,
		50,
		51,
		52,
		53,
		54,
		55,
		56,
		{
			"name": "group",
			"origin": [-3.20631, 5.85979, 8],
			"color": 0,
			"children": [57, 58, 59, 60, 61, 62, 63, 64, 65, 66, 67, 68, 69]
		}
	]
}