{
	"credit": "Made with Blockbench",
	"parent": "book",
	"textures": {
		"1": "block/kepi/kepi",
		"2": "block/kepi/gold_kepi"
	},
	"elements": [
		{
			"from": [0, 0, 0],
			"to": [16, 8, 16],
			"faces": {
				"north": {"uv": [0, 0, 16, 8], "texture": "#1"},
				"east": {"uv": [0, 0, 16, 8], "texture": "#1"},
				"south": {"uv": [0, 0, 16, 8], "texture": "#1"},
				"west": {"uv": [0, 0, 16, 8], "texture": "#1"},
				"up": {"uv": [0, 0, 16, 16], "texture": "#1"},
				"down": {"uv": [0, 0, 16, 16], "texture": "#1"}
			}
		},
		{
			"from": [0, 0, -7],
			"to": [16, 2, 0],
			"faces": {
				"north": {"uv": [0, 0, 16, 2], "texture": "#1"},
				"east": {"uv": [0, 0, 7, 2], "texture": "#1"},
				"south": {"uv": [0, 0, 16, 2], "texture": "#1"},
				"west": {"uv": [0, 0, 7, 2], "texture": "#1"},
				"up": {"uv": [0, 0, 16, 7], "texture": "#1"},
				"down": {"uv": [0, 0, 16, 7], "texture": "#1"}
			}
		},
		{
			"from": [10, 3, -0.5],
			"to": [11, 6.5, 0],
			"faces": {
				"north": {"uv": [5, 4, 6, 7.5], "texture": "#2"},
				"east": {"uv": [5, 4, 5.5, 7.5], "texture": "#2"},
				"south": {"uv": [5, 4, 6, 7.5], "texture": "#2"},
				"west": {"uv": [5, 4, 5.5, 7.5], "texture": "#2"},
				"up": {"uv": [5, 4, 6, 4.5], "texture": "#2"},
				"down": {"uv": [5, 4, 6, 4.5], "texture": "#2"}
			}
		},
		{
			"from": [6, 3, -0.5],
			"to": [7, 6.5, 0],
			"faces": {
				"north": {"uv": [5, 4, 6, 7.5], "texture": "#2"},
				"east": {"uv": [5, 4, 5.5, 7.5], "texture": "#2"},
				"south": {"uv": [5, 4, 6, 7.5], "texture": "#2"},
				"west": {"uv": [5, 4, 5.5, 7.5], "texture": "#2"},
				"up": {"uv": [5, 4, 6, 4.5], "texture": "#2"},
				"down": {"uv": [5, 4, 6, 4.5], "texture": "#2"}
			}
		},
		{
			"from": [8, 4, -0.5],
			"to": [9, 5, 0],
			"faces": {
				"north": {"uv": [5, 4, 6, 5], "texture": "#2"},
				"east": {"uv": [5, 4, 5.5, 5], "texture": "#2"},
				"south": {"uv": [5, 4, 6, 5], "texture": "#2"},
				"west": {"uv": [5, 4, 5.5, 5], "texture": "#2"},
				"up": {"uv": [5, 4, 6, 4.5], "texture": "#2"},
				"down": {"uv": [5, 4, 6, 4.5], "texture": "#2"}
			}
		},
		{
			"from": [7, 5, -0.5],
			"to": [8, 6, 0],
			"faces": {
				"north": {"uv": [5, 4, 6, 5], "texture": "#2"},
				"east": {"uv": [5, 4, 5.5, 5], "texture": "#2"},
				"south": {"uv": [5, 4, 6, 5], "texture": "#2"},
				"west": {"uv": [5, 4, 5.5, 5], "texture": "#2"},
				"up": {"uv": [5, 4, 6, 4.5], "texture": "#2"},
				"down": {"uv": [5, 4, 6, 4.5], "texture": "#2"}
			}
		},
		{
			"from": [9, 5, -0.5],
			"to": [10, 6, 0],
			"faces": {
				"north": {"uv": [5, 4, 6, 5], "texture": "#2"},
				"east": {"uv": [5, 4, 5.5, 5], "texture": "#2"},
				"south": {"uv": [5, 4, 6, 5], "texture": "#2"},
				"west": {"uv": [5, 4, 5.5, 5], "texture": "#2"},
				"up": {"uv": [5, 4, 6, 4.5], "texture": "#2"},
				"down": {"uv": [5, 4, 6, 4.5], "texture": "#2"}
			}
		}
	],
	"display": {
		"head": {
			"translation": [0, 8, 0],
			"scale": [0.85, 0.85, 0.85]
		}
	}
}