{
  "mnk_group_joined": {
    "sounds": [
        "custom:grou-a-player-joined"]
  },
  "mnk_group_left": {
    "sounds": [
        "custom:grou-a-player-left"]
  },
  "mnk_group_you_joined": {
    "sounds": [
        "custom:grou-player-joined"]
  },
  "mnk_group_you_left": {
    "sounds": [
        "custom:grou-player-left"]
  },
  "mnk_group_disbanded": {
    "sounds": [
        "custom:grou-deleted"]
  },
  "mnk_message": {
    "sounds": [
        "custom:grou-message"]
  },
  "mnk_message_mention": {
    "sounds": [
        "custom:grou-mention"]
  },
  "mnk_tparequest": {
    "sounds": [
        "custom:tpa-request"]
  },
  "mnk_welcome": {
    "sounds": [
        "custom:welcome-screen"]
  },
  "mnk_inventorysounds_load": {
    "sounds": [
        "custom:inventorysounds_load"]
  },
  "mnk_inventorysounds_save": {
    "sounds": [
        "custom:inventorysounds_save"]
  },
  "quickmenu_tabselect_divers.ogg": {
    "sounds": [
        "custom:quickmenu_tabselect_divers"]
  },
  "quickmenu_tabselect_histoire.ogg": {
    "sounds": [
        "custom:quickmenu_tabselect_histoire"]
  },
  "quickmenu_tabselect_survie.ogg": {
    "sounds": [
        "custom:quickmenu_tabselect_survie"]
  },
  "quickmenu_spawn_histoire.ogg": {
    "sounds": [
        "custom:quickmenu_spawn_histoire"]
  },
  "quickmenu_spawn_survie.ogg": {
    "sounds": [
        "custom:quickmenu_spawn_survie"]
  },
  "quickmenu_select.ogg": {
    "sounds": [
        "custom:quickmenu_select"]
  },
  "quickmenu_select_world.ogg": {
    "sounds": [
        "custom:quickmenu_select_world"]
  },
  "quickmenu_open.ogg": {
    "sounds": [
        "custom:quickmenu_open"]
  },
  "quickmenu_spawn_minage.ogg": {
    "sounds": [
        "custom:quickmenu_spawn_minage"]
  }
}