{
	"credit": "Made with Blockbench",
	"textures": {
		"0": "block/gs1",
		"1": "block/gs2",
		"2": "block/gs3",
		"3": "block/gs4",
		"4": "block/gs5",
		"5": "block/gs6",
		"6": "block/gs7",
		"particle": "block/gs1"
	},
	"elements": [
		{
			"from": [7, -7, 7],
			"to": [9.5, -4.5, 8],
			"rotation": {"angle": -45, "axis": "z", "origin": [8.25, -5.75, 7.5]},
			"faces": {
				"north": {"uv": [0, 0, 2.5, 2.5], "texture": "#6"},
				"east": {"uv": [0, 0, 1, 2.5], "texture": "#6"},
				"south": {"uv": [0, 0, 2.5, 2.5], "texture": "#6"},
				"west": {"uv": [0, 0, 1, 2.5], "texture": "#6"},
				"up": {"uv": [0, 0, 2.5, 1], "texture": "#6"},
				"down": {"uv": [0, 0, 2.5, 1], "texture": "#6"}
			}
		},
		{
			"from": [8.25, -6.25, 6.75],
			"to": [9.75, -4.75, 8.25],
			"rotation": {"angle": -45, "axis": "z", "origin": [8.25, -4.75, 7.5]},
			"faces": {
				"north": {"uv": [0, 0, 1.5, 1.5], "texture": "#6"},
				"east": {"uv": [0, 0, 1.5, 1.5], "texture": "#6"},
				"south": {"uv": [0, 0, 1.5, 1.5], "texture": "#6"},
				"west": {"uv": [0, 0, 1.5, 1.5], "texture": "#6"},
				"up": {"uv": [0, 0, 1.5, 1.5], "texture": "#6"},
				"down": {"uv": [0, 0, 1.5, 1.5], "texture": "#6"}
			}
		},
		{
			"from": [7.75, -5, 7.001],
			"to": [8.75, 0, 7.999],
			"rotation": {"angle": 0, "axis": "y", "origin": [8.25, -2.75, 7.5]},
			"faces": {
				"north": {"uv": [0, 0, 5, 1], "rotation": 270, "texture": "#5"},
				"east": {"uv": [0, 0, 5, 0.998], "rotation": 90, "texture": "#5"},
				"south": {"uv": [0, 0, 5, 1], "rotation": 90, "texture": "#5"},
				"west": {"uv": [0, 0, 5, 0.998], "rotation": 90, "texture": "#5"},
				"up": {"uv": [0, 0, 0.998, 1], "rotation": 90, "texture": "#5"},
				"down": {"uv": [0, 0, 0.998, 1], "rotation": 90, "texture": "#5"}
			}
		},
		{
			"from": [10.3, 0.8, 6.999],
			"to": [12.3, 1.8, 8.001],
			"rotation": {"angle": -22.5, "axis": "z", "origin": [11.25, 1.25, 7.5]},
			"faces": {
				"north": {"uv": [0, 0, 2, 1], "texture": "#4"},
				"east": {"uv": [0, 0, 1.002, 1], "texture": "#4"},
				"south": {"uv": [0, 0, 2, 1], "texture": "#4"},
				"west": {"uv": [0, 0, 1.002, 1], "texture": "#4"},
				"up": {"uv": [0, 0, 2, 1.002], "texture": "#4"},
				"down": {"uv": [0, 0, 2, 1.002], "texture": "#4"}
			}
		},
		{
			"from": [8, -0.25, 7],
			"to": [12, 0.75, 8],
			"rotation": {"angle": 22.5, "axis": "z", "origin": [10.25, 0.25, 7.5]},
			"faces": {
				"north": {"uv": [0, 0, 4, 1], "rotation": 180, "texture": "#4"},
				"east": {"uv": [0, 0, 1, 1], "rotation": 180, "texture": "#4"},
				"south": {"uv": [0, 0, 4, 1], "rotation": 180, "texture": "#4"},
				"west": {"uv": [0, 0, 1, 1], "rotation": 180, "texture": "#4"},
				"up": {"uv": [0, 0, 4, 1], "rotation": 180, "texture": "#4"},
				"down": {"uv": [0, 0, 4, 1], "rotation": 180, "texture": "#4"}
			}
		},
		{
			"from": [4.5, -0.25, 6.999],
			"to": [8.5, 0.75, 8.001],
			"rotation": {"angle": -22.5, "axis": "z", "origin": [6.25, 0.25, 7.5]},
			"faces": {
				"north": {"uv": [0, 0, 4, 1], "texture": "#4"},
				"east": {"uv": [0, 0, 1.002, 1], "texture": "#4"},
				"south": {"uv": [0, 0, 4, 1], "texture": "#4"},
				"west": {"uv": [0, 0, 1.002, 1], "texture": "#4"},
				"up": {"uv": [0, 0, 4, 1.002], "texture": "#4"},
				"down": {"uv": [0, 0, 4, 1.002], "texture": "#4"}
			}
		},
		{
			"from": [4.1, 0.4, 7],
			"to": [6.1, 1.4, 8],
			"rotation": {"angle": 22.5, "axis": "z", "origin": [4.25, 1.25, 7.5]},
			"faces": {
				"north": {"uv": [0, 0, 2, 1], "rotation": 180, "texture": "#4"},
				"east": {"uv": [0, 0, 1, 1], "rotation": 180, "texture": "#4"},
				"south": {"uv": [0, 0, 2, 1], "rotation": 180, "texture": "#4"},
				"west": {"uv": [0, 0, 1, 1], "rotation": 180, "texture": "#4"},
				"up": {"uv": [0, 0, 2, 1], "rotation": 180, "texture": "#4"},
				"down": {"uv": [0, 0, 2, 1], "rotation": 180, "texture": "#4"}
			}
		},
		{
			"from": [6, 1.5, 6.999],
			"to": [7, 5.5, 8.001],
			"rotation": {"angle": -22.5, "axis": "z", "origin": [6.25, 3.25, 7.5]},
			"faces": {
				"north": {"uv": [0, 0, 4, 1], "rotation": 90, "texture": "#4"},
				"east": {"uv": [0, 0, 4, 1.002], "rotation": 270, "texture": "#4"},
				"south": {"uv": [0, 0, 4, 1], "rotation": 270, "texture": "#4"},
				"west": {"uv": [0, 0, 4, 1.002], "rotation": 270, "texture": "#4"},
				"up": {"uv": [0, 0, 1.002, 1], "rotation": 270, "texture": "#4"},
				"down": {"uv": [0, 0, 1.002, 1], "rotation": 270, "texture": "#4"}
			}
		},
		{
			"from": [9.5, 1.5, 7],
			"to": [10.5, 5.5, 8],
			"rotation": {"angle": 22.5, "axis": "z", "origin": [10.25, 3.25, 7.5]},
			"faces": {
				"north": {"uv": [0, 0, 4, 1], "rotation": 90, "texture": "#4"},
				"east": {"uv": [0, 0, 4, 1], "rotation": 270, "texture": "#4"},
				"south": {"uv": [0, 0, 4, 1], "rotation": 270, "texture": "#4"},
				"west": {"uv": [0, 0, 4, 1], "rotation": 270, "texture": "#4"},
				"up": {"uv": [0, 0, 1, 1], "rotation": 270, "texture": "#4"},
				"down": {"uv": [0, 0, 1, 1], "rotation": 270, "texture": "#4"}
			}
		},
		{
			"from": [6.85, 2.75, 7.002],
			"to": [9.65, 5.25, 7.998],
			"rotation": {"angle": 0, "axis": "y", "origin": [8.25, 3.25, 7.5]},
			"faces": {
				"north": {"uv": [0, 0, 2.8, 2.5], "texture": "#4"},
				"east": {"uv": [0, 0, 0.996, 2.5], "texture": "#4"},
				"south": {"uv": [0, 0, 2.8, 2.5], "texture": "#4"},
				"west": {"uv": [0, 0, 0.996, 2.5], "texture": "#4"},
				"up": {"uv": [0, 0, 2.8, 0.996], "texture": "#4"},
				"down": {"uv": [0, 0, 2.8, 0.996], "texture": "#4"}
			}
		},
		{
			"from": [6.25, -0.25, 7.002],
			"to": [10.25, 2.75, 7.998],
			"rotation": {"angle": 0, "axis": "y", "origin": [8.25, 0.25, 7.5]},
			"faces": {
				"north": {"uv": [0, 0, 4, 3], "texture": "#4"},
				"east": {"uv": [0, 0, 0.996, 3], "texture": "#4"},
				"south": {"uv": [0, 0, 4, 3], "texture": "#4"},
				"west": {"uv": [0, 0, 0.996, 3], "texture": "#4"},
				"up": {"uv": [0, 0, 4, 0.996], "texture": "#4"},
				"down": {"uv": [0, 0, 4, 0.996], "texture": "#4"}
			}
		},
		{
			"from": [5.25, 0.75, 7.002],
			"to": [6.25, 1.75, 7.998],
			"rotation": {"angle": 0, "axis": "y", "origin": [3.25, 0.25, 7.5]},
			"faces": {
				"north": {"uv": [0, 0, 1, 1], "texture": "#4"},
				"east": {"uv": [0, 0, 0.996, 1], "texture": "#4"},
				"south": {"uv": [0, 0, 1, 1], "texture": "#4"},
				"west": {"uv": [0, 0, 0.996, 1], "texture": "#4"},
				"up": {"uv": [0, 0, 1, 0.996], "texture": "#4"},
				"down": {"uv": [0, 0, 1, 0.996], "texture": "#4"}
			}
		},
		{
			"from": [10.25, 0.75, 7.002],
			"to": [11.25, 1.75, 7.998],
			"rotation": {"angle": 0, "axis": "y", "origin": [8.25, 0.25, 7.5]},
			"faces": {
				"north": {"uv": [0, 0, 1, 1], "texture": "#4"},
				"east": {"uv": [0, 0, 0.996, 1], "texture": "#4"},
				"south": {"uv": [0, 0, 1, 1], "texture": "#4"},
				"west": {"uv": [0, 0, 0.996, 1], "texture": "#4"},
				"up": {"uv": [0, 0, 1, 0.996], "texture": "#4"},
				"down": {"uv": [0, 0, 1, 0.996], "texture": "#4"}
			}
		},
		{
			"from": [6.85, 4.75, 7.25],
			"to": [9.65, 21, 7.75],
			"rotation": {"angle": 0, "axis": "y", "origin": [8.25, 5.25, 7.5]},
			"faces": {
				"north": {"uv": [0, 0, 2.8, 16], "texture": "#3"},
				"east": {"uv": [0, 0, 0.5, 16], "texture": "#3"},
				"south": {"uv": [0, 0, 2.8, 16], "texture": "#3"},
				"west": {"uv": [0, 0, 0.5, 16], "texture": "#3"},
				"up": {"uv": [0, 0, 2.8, 0.5], "texture": "#3"},
				"down": {"uv": [0, 0, 2.8, 0.5], "texture": "#3"}
			}
		},
		{
			"from": [3.35, 15.13268, 7.251],
			"to": [4.15, 23.38268, 7.749],
			"rotation": {"angle": -22.5, "axis": "z", "origin": [4.25, 6.25, 7.5]},
			"faces": {
				"north": {"uv": [0, 0, 0.8, 8.25], "texture": "#3"},
				"east": {"uv": [0, 0, 0.498, 8.25], "texture": "#3"},
				"south": {"uv": [0, 0, 0.8, 8.25], "texture": "#3"},
				"west": {"uv": [0, 0, 0.498, 8.25], "texture": "#3"},
				"up": {"uv": [0, 0, 0.8, 0.498], "texture": "#3"},
				"down": {"uv": [0, 0, 0.8, 0.498], "texture": "#3"}
			}
		},
		{
			"from": [12.2, 14.8, 7.252],
			"to": [13, 23.05, 7.748],
			"rotation": {"angle": 22.5, "axis": "z", "origin": [11.25, 6.25, 7.5]},
			"faces": {
				"north": {"uv": [0, 0, 0.8, 8.25], "texture": "#3"},
				"east": {"uv": [0, 0, 0.496, 8.25], "texture": "#3"},
				"south": {"uv": [0, 0, 0.8, 8.25], "texture": "#3"},
				"west": {"uv": [0, 0, 0.496, 8.25], "texture": "#3"},
				"up": {"uv": [0, 0, 0.8, 0.496], "texture": "#3"},
				"down": {"uv": [0, 0, 0.8, 0.496], "texture": "#3"}
			}
		},
		{
			"from": [1.9, 23.15, 7.251],
			"to": [2.7, 29.15, 7.749],
			"rotation": {"angle": -22.5, "axis": "z", "origin": [1.25, 13.25, 7.5]},
			"faces": {
				"north": {"uv": [0, 0, 0.8, 6], "texture": "#3"},
				"east": {"uv": [0, 0, 0.498, 6], "texture": "#3"},
				"south": {"uv": [0, 0, 0.8, 6], "texture": "#3"},
				"west": {"uv": [0, 0, 0.498, 6], "texture": "#3"},
				"up": {"uv": [0, 0, 0.8, 0.498], "texture": "#3"},
				"down": {"uv": [0, 0, 0.8, 0.498], "texture": "#3"}
			}
		},
		{
			"from": [6.55, 21, 7.25],
			"to": [9.85, 24.25, 7.75],
			"rotation": {"angle": 0, "axis": "y", "origin": [8.25, 15.25, 7.5]},
			"faces": {
				"north": {"uv": [0, 0, 3.3, 3.25], "texture": "#3"},
				"east": {"uv": [0, 0, 0.5, 3.25], "texture": "#3"},
				"south": {"uv": [0, 0, 3.3, 3.25], "texture": "#3"},
				"west": {"uv": [0, 0, 0.5, 3.25], "texture": "#3"},
				"up": {"uv": [0, 0, 3.3, 0.5], "texture": "#3"},
				"down": {"uv": [0, 0, 3.3, 0.5], "texture": "#3"}
			}
		},
		{
			"from": [13.6, 22.8, 7.252],
			"to": [14.4, 28.8, 7.748],
			"rotation": {"angle": 22.5, "axis": "z", "origin": [14.25, 13.25, 7.5]},
			"faces": {
				"north": {"uv": [0, 0, 0.8, 6], "texture": "#3"},
				"east": {"uv": [0, 0, 0.496, 6], "texture": "#3"},
				"south": {"uv": [0, 0, 0.8, 6], "texture": "#3"},
				"west": {"uv": [0, 0, 0.496, 6], "texture": "#3"},
				"up": {"uv": [0, 0, 0.8, 0.496], "texture": "#3"},
				"down": {"uv": [0, 0, 0.8, 0.496], "texture": "#3"}
			}
		},
		{
			"from": [7.25, 9, 7.125],
			"to": [9.25, 24, 7.875],
			"rotation": {"angle": 0, "axis": "y", "origin": [8, 12, 8]},
			"faces": {
				"north": {"uv": [0, 0, 15, 2], "rotation": 90, "texture": "#3"},
				"east": {"uv": [0, 0, 15, 0.75], "rotation": 270, "texture": "#3"},
				"south": {"uv": [0, 0, 15, 2], "rotation": 270, "texture": "#3"},
				"west": {"uv": [0, 0, 15, 0.75], "rotation": 270, "texture": "#3"},
				"up": {"uv": [0, 0, 0.75, 2], "rotation": 270, "texture": "#3"},
				"down": {"uv": [0, 0, 0.75, 2], "rotation": 270, "texture": "#3"}
			}
		},
		{
			"from": [7.4, 24.25, 7.25],
			"to": [9, 26.25, 7.75],
			"rotation": {"angle": 0, "axis": "y", "origin": [8.25, 18.25, 7.5]},
			"faces": {
				"north": {"uv": [0, 0, 1.6, 2], "texture": "#3"},
				"east": {"uv": [0, 0, 0.5, 2], "texture": "#3"},
				"south": {"uv": [0, 0, 1.6, 2], "texture": "#3"},
				"west": {"uv": [0, 0, 0.5, 2], "texture": "#3"},
				"up": {"uv": [0, 0, 1.6, 0.5], "texture": "#3"},
				"down": {"uv": [0, 0, 1.6, 0.5], "texture": "#3"}
			}
		},
		{
			"from": [8, 0, 6.7501],
			"to": [9.8, 2, 8.2481],
			"rotation": {"angle": 22.5, "axis": "z", "origin": [8, 1, 8]},
			"faces": {
				"north": {"uv": [0, 0, 1.8, 2], "texture": "#1"},
				"east": {"uv": [0, 0, 1.498, 2], "texture": "#1"},
				"south": {"uv": [0, 0, 1.8, 2], "texture": "#1"},
				"west": {"uv": [0, 0, 1.498, 2], "texture": "#1"},
				"up": {"uv": [0, 0, 1.8, 1.498], "texture": "#1"},
				"down": {"uv": [0, 0, 1.8, 1.498], "texture": "#1"}
			}
		},
		{
			"from": [7.25, 2, 6.7502],
			"to": [9.25, 9, 8.2462],
			"rotation": {"angle": 0, "axis": "y", "origin": [8, 2, 8]},
			"faces": {
				"north": {"uv": [0, 0, 7, 2], "rotation": 90, "texture": "#2"},
				"east": {"uv": [0, 0, 7, 1.496], "rotation": 270, "texture": "#1"},
				"south": {"uv": [0, 0, 7, 2], "rotation": 270, "texture": "#1"},
				"west": {"uv": [0, 0, 7, 1.496], "rotation": 270, "texture": "#1"},
				"up": {"uv": [0, 0, 1.496, 2], "rotation": 270, "texture": "#1"},
				"down": {"uv": [0, 0, 1.496, 2], "rotation": 270, "texture": "#1"}
			}
		},
		{
			"from": [7.75, 9, 6.7502],
			"to": [8.75, 12, 8.2462],
			"rotation": {"angle": 0, "axis": "y", "origin": [8, 9, 8]},
			"faces": {
				"north": {"uv": [0, 0, 3, 1], "rotation": 90, "texture": "#2"},
				"east": {"uv": [0, 0, 3, 1.496], "rotation": 270, "texture": "#1"},
				"south": {"uv": [0, 0, 3, 1], "rotation": 270, "texture": "#1"},
				"west": {"uv": [0, 0, 3, 1.496], "rotation": 270, "texture": "#1"},
				"up": {"uv": [0, 0, 1.496, 1], "rotation": 270, "texture": "#1"},
				"down": {"uv": [0, 0, 1.496, 1], "rotation": 270, "texture": "#1"}
			}
		},
		{
			"from": [5.6, 0.5, 6.75],
			"to": [7.6, 1.5, 8.25],
			"rotation": {"angle": 45, "axis": "z", "origin": [6, 2, 8]},
			"faces": {
				"north": {"uv": [0, 0, 2, 1], "texture": "#1"},
				"east": {"uv": [0, 0, 1.5, 1], "texture": "#1"},
				"south": {"uv": [0, 0, 2, 1], "texture": "#1"},
				"west": {"uv": [0, 0, 1.5, 1], "texture": "#1"},
				"up": {"uv": [0, 0, 2, 1.5], "texture": "#1"},
				"down": {"uv": [0, 0, 2, 1.5], "texture": "#1"}
			}
		},
		{
			"from": [7, 0.75, 6.7499],
			"to": [9, 2.75, 8.2519],
			"rotation": {"angle": -22.5, "axis": "z", "origin": [7, 2, 8]},
			"faces": {
				"north": {"uv": [0, 0, 2, 2], "texture": "#1"},
				"east": {"uv": [0, 0, 1.502, 2], "texture": "#1"},
				"south": {"uv": [0, 0, 2, 2], "texture": "#1"},
				"west": {"uv": [0, 0, 1.502, 2], "texture": "#1"},
				"up": {"uv": [0, 0, 2, 1.502], "texture": "#1"},
				"down": {"uv": [0, 0, 2, 1.502], "texture": "#1"}
			}
		},
		{
			"from": [7.25, 1, 6.75],
			"to": [8.25, 3, 8.25],
			"rotation": {"angle": 45, "axis": "z", "origin": [9, 4, 8]},
			"faces": {
				"north": {"uv": [0, 0, 2, 1], "rotation": 270, "texture": "#1"},
				"east": {"uv": [0, 0, 2, 1.5], "rotation": 90, "texture": "#1"},
				"south": {"uv": [0, 0, 2, 1], "rotation": 90, "texture": "#1"},
				"west": {"uv": [0, 0, 2, 1.5], "rotation": 90, "texture": "#1"},
				"up": {"uv": [0, 0, 1.5, 1], "rotation": 90, "texture": "#1"},
				"down": {"uv": [0, 0, 1.5, 1], "rotation": 90, "texture": "#1"}
			}
		},
		{
			"from": [7.75, 1, 6.5],
			"to": [8.75, 2, 8.5],
			"rotation": {"angle": 0, "axis": "y", "origin": [16, 9, 16]},
			"faces": {
				"north": {"uv": [0, 0, 1, 1], "texture": "#0"},
				"east": {"uv": [0, 0, 2, 1], "texture": "#0"},
				"south": {"uv": [0, 0, 1, 1], "texture": "#0"},
				"west": {"uv": [0, 0, 2, 1], "texture": "#0"},
				"up": {"uv": [0, 0, 1, 2], "texture": "#0"},
				"down": {"uv": [0, 0, 1, 2], "texture": "#0"}
			}
		}
	],
	"display": {
		"thirdperson_righthand": {
			"rotation": [0, 90, 0],
			"translation": [0, 6, 1.5],
			"scale": [0.75, 0.75, 0.75]
		},
		"thirdperson_lefthand": {
			"rotation": [0, 90, 0],
			"translation": [0, 6, 1.5],
			"scale": [0.75, 0.75, 0.75]
		},
		"firstperson_righthand": {
			"rotation": [0, 90, 0],
			"translation": [0, 4, 1.5],
			"scale": [0.75, 0.75, 0.75]
		},
		"firstperson_lefthand": {
			"rotation": [0, 90, 0],
			"translation": [0, 4, 1.5],
			"scale": [0.75, 0.75, 0.75]
		},
		"ground": {
			"rotation": [90, 90, 90],
			"translation": [0, 11.5, 0],
			"scale": [0.75, 0.75, 0.75]
		},
		"gui": {
			"rotation": [0, 0, -45],
			"translation": [-1.25, -0.75, 0],
			"scale": [0.75, 0.75, 0.75]
		},
		"fixed": {
			"rotation": [45, 90, 45],
			"translation": [0.75, -1.25, -20.5],
			"scale": [2, 2, 2]
		}
	},
	"groups": [
		{
			"name": "group",
			"origin": [8.25, -4.75, 7.5],
			"children": []
		},
		{
			"name": "group",
			"origin": [8.25, -2.75, 7.5],
			"children": [0, 1]
		},
		{
			"name": "group",
			"origin": [8.25, -2.75, 7.5],
			"children": [2]
		},
		{
			"name": "group",
			"origin": [8.25, 0.25, 7.5],
			"children": [3, 4, 5, 6, 7, 8, 9, 10, 11, 12]
		},
		{
			"name": "group",
			"origin": [8.25, 18.25, 7.5],
			"children": [13, 14, 15, 16, 17, 18, 19, 20]
		},
		{
			"name": "group",
			"origin": [9, 4, 8],
			"children": [21, 22, 23, 24, 25, 26]
		}, 27]
}