{
	"credit": "Made with Blockbench",
	"textures": {
		"1": "block/coffre2.0png",
		"2": "block/coffre2.1",
		"3": "block/coffre2.2",
		"4": "block/coffre2.3",
		"5": "block/coffre2.4",
		"6": "block/coffre2.5",
		"7": "block/coffre2.6",
		"8": "block/coffre2.7",
		"9": "block/coffre2.9",
		"10": "block/coffre2.8",
		"11": "block/coffre2.11",
		"12": "block/coffre2.12",
		"13": "block/coffre2.10",
		"14": "block/coffre2.13",
		"15": "block/coffre2.14",
		"particle": "block/coffre2.1"
	},
	"elements": [
		{
			"from": [-8, -0.002, -1],
			"to": [26, 3, 17],
			"rotation": {"angle": 0, "axis": "y", "origin": [8, 8, 7]},
			"faces": {
				"north": {"uv": [0, 0, 15, 3.001], "texture": "#1"},
				"east": {"uv": [0, 0, 16, 3.001], "texture": "#1"},
				"south": {"uv": [0, 0, 16, 3.001], "texture": "#1"},
				"west": {"uv": [0, 0, 16, 3.001], "texture": "#1"},
				"up": {"uv": [0, 0, 16, 16], "texture": "#1"},
				"down": {"uv": [0, 0, 16, 16], "texture": "#1"}
			}
		},
		{
			"from": [-8, 3, -1],
			"to": [-5, 12, 2],
			"rotation": {"angle": 0, "axis": "y", "origin": [8, 11, 7]},
			"faces": {
				"north": {"uv": [0, 0, 15, 9], "texture": "#3"},
				"east": {"uv": [0, 0, 3, 9], "texture": "#3"},
				"south": {"uv": [0, 0, 3, 9], "texture": "#3"},
				"west": {"uv": [0, 0, 3, 9], "texture": "#3"},
				"up": {"uv": [0, 0, 3, 3], "texture": "#3"},
				"down": {"uv": [0, 0, 3, 3], "texture": "#3"}
			}
		},
		{
			"from": [23, 3, -1],
			"to": [26, 12, 2],
			"rotation": {"angle": 0, "axis": "y", "origin": [39, 11, 7]},
			"faces": {
				"north": {"uv": [0, 0, 15, 9], "texture": "#3"},
				"east": {"uv": [0, 0, 3, 9], "texture": "#3"},
				"south": {"uv": [0, 0, 3, 9], "texture": "#3"},
				"west": {"uv": [0, 0, 3, 9], "texture": "#3"},
				"up": {"uv": [0, 0, 3, 3], "texture": "#3"},
				"down": {"uv": [0, 0, 3, 3], "texture": "#3"}
			}
		},
		{
			"from": [23, 3, 14],
			"to": [26, 12, 17],
			"rotation": {"angle": 0, "axis": "y", "origin": [39, 11, 22]},
			"faces": {
				"north": {"uv": [0, 0, 15, 9], "texture": "#3"},
				"east": {"uv": [0, 0, 3, 9], "texture": "#3"},
				"south": {"uv": [0, 0, 3, 9], "texture": "#3"},
				"west": {"uv": [0, 0, 3, 9], "texture": "#3"},
				"up": {"uv": [0, 0, 3, 3], "texture": "#3"},
				"down": {"uv": [0, 0, 3, 3], "texture": "#3"}
			}
		},
		{
			"from": [-8, 3, 14],
			"to": [-5, 12, 17],
			"rotation": {"angle": 0, "axis": "y", "origin": [8, 11, 22]},
			"faces": {
				"north": {"uv": [0, 0, 15, 9], "texture": "#3"},
				"east": {"uv": [0, 0, 3, 9], "texture": "#3"},
				"south": {"uv": [0, 0, 3, 9], "texture": "#3"},
				"west": {"uv": [0, 0, 3, 9], "texture": "#3"},
				"up": {"uv": [0, 0, 3, 3], "texture": "#3"},
				"down": {"uv": [0, 0, 3, 3], "texture": "#3"}
			}
		},
		{
			"from": [-8, 12, -1],
			"to": [26, 15.001, 17],
			"rotation": {"angle": 0, "axis": "y", "origin": [8, 20, 7]},
			"faces": {
				"north": {"uv": [0, 0, 15, 3.001], "texture": "#2"},
				"east": {"uv": [0, 0, 16, 3.001], "texture": "#2"},
				"south": {"uv": [0, 0, 16, 3.001], "texture": "#2"},
				"west": {"uv": [0, 0, 16, 3.001], "texture": "#2"},
				"up": {"uv": [0, 0, 16, 16], "texture": "#2"},
				"down": {"uv": [0, 0, 16, 16], "texture": "#2"}
			}
		},
		{
			"from": [1, 3, -1],
			"to": [4, 12, 17],
			"rotation": {"angle": 0, "axis": "y", "origin": [17, 11, 7]},
			"faces": {
				"north": {"uv": [0, 0, 15, 9], "texture": "#3"},
				"east": {"uv": [0, 0, 16, 9], "texture": "#3"},
				"south": {"uv": [0, 0, 3, 9], "texture": "#3"},
				"west": {"uv": [0, 0, 16, 9], "texture": "#3"},
				"up": {"uv": [0, 0, 3, 16], "texture": "#3"},
				"down": {"uv": [0, 0, 3, 16], "texture": "#3"}
			}
		},
		{
			"from": [14, 3, -1],
			"to": [17, 12, 17],
			"rotation": {"angle": 0, "axis": "y", "origin": [30, 11, 7]},
			"faces": {
				"north": {"uv": [0, 0, 15, 9], "texture": "#3"},
				"east": {"uv": [0, 0, 16, 9], "texture": "#3"},
				"south": {"uv": [0, 0, 3, 9], "texture": "#3"},
				"west": {"uv": [0, 0, 16, 9], "texture": "#3"},
				"up": {"uv": [0, 0, 3, 16], "texture": "#3"},
				"down": {"uv": [0, 0, 3, 16], "texture": "#3"}
			}
		},
		{
			"from": [-7, 0, 0],
			"to": [25, 15, 16],
			"rotation": {"angle": 0, "axis": "y", "origin": [5, 8, 8]},
			"faces": {
				"north": {"uv": [0, 0, 16, 15], "texture": "#5"},
				"east": {"uv": [0, 0, 16, 15], "texture": "#5"},
				"south": {"uv": [0, 0, 16, 15], "texture": "#5"},
				"west": {"uv": [0, 0, 16, 15], "texture": "#5"},
				"up": {"uv": [0, 0, 16, 16], "texture": "#5"},
				"down": {"uv": [0, 0, 16, 16], "texture": "#5"}
			}
		},
		{
			"from": [-7, 13, -1.5],
			"to": [-6, 14, -1],
			"rotation": {"angle": 0, "axis": "y", "origin": [1, 21, 6]},
			"faces": {
				"north": {"uv": [0, 0, 1, 1], "texture": "#7"},
				"east": {"uv": [0, 0, 0.5, 1], "texture": "#7"},
				"south": {"uv": [0, 0, 1, 1], "texture": "#7"},
				"west": {"uv": [0, 0, 0.5, 1], "texture": "#7"},
				"up": {"uv": [0, 0, 1, 0.5], "texture": "#7"},
				"down": {"uv": [0, 0, 1, 0.5], "texture": "#7"}
			}
		},
		{
			"from": [24, 13, -1.5],
			"to": [25, 14, -1],
			"rotation": {"angle": 0, "axis": "y", "origin": [32, 21, 6]},
			"faces": {
				"north": {"uv": [0, 0, 1, 1], "texture": "#7"},
				"east": {"uv": [0, 0, 0.5, 1], "texture": "#7"},
				"south": {"uv": [0, 0, 1, 1], "texture": "#7"},
				"west": {"uv": [0, 0, 0.5, 1], "texture": "#7"},
				"up": {"uv": [0, 0, 1, 0.5], "texture": "#7"},
				"down": {"uv": [0, 0, 1, 0.5], "texture": "#7"}
			}
		},
		{
			"from": [15, 10, -1.5],
			"to": [16, 11, -1],
			"rotation": {"angle": 0, "axis": "y", "origin": [23, 18, 6]},
			"faces": {
				"north": {"uv": [0, 0, 1, 1], "texture": "#7"},
				"east": {"uv": [0, 0, 0.5, 1], "texture": "#7"},
				"south": {"uv": [0, 0, 1, 1], "texture": "#7"},
				"west": {"uv": [0, 0, 0.5, 1], "texture": "#7"},
				"up": {"uv": [0, 0, 1, 0.5], "texture": "#7"},
				"down": {"uv": [0, 0, 1, 0.5], "texture": "#7"}
			}
		},
		{
			"from": [15, 7, -1.5],
			"to": [16, 8, -1],
			"rotation": {"angle": 0, "axis": "y", "origin": [23, 15, 6]},
			"faces": {
				"north": {"uv": [0, 0, 1, 1], "texture": "#7"},
				"east": {"uv": [0, 0, 0.5, 1], "texture": "#7"},
				"south": {"uv": [0, 0, 1, 1], "texture": "#7"},
				"west": {"uv": [0, 0, 0.5, 1], "texture": "#7"},
				"up": {"uv": [0, 0, 1, 0.5], "texture": "#7"},
				"down": {"uv": [0, 0, 1, 0.5], "texture": "#7"}
			}
		},
		{
			"from": [15, 4, -1.5],
			"to": [16, 5, -1],
			"rotation": {"angle": 0, "axis": "y", "origin": [23, 12, 6]},
			"faces": {
				"north": {"uv": [0, 0, 1, 1], "texture": "#7"},
				"east": {"uv": [0, 0, 0.5, 1], "texture": "#7"},
				"south": {"uv": [0, 0, 1, 1], "texture": "#7"},
				"west": {"uv": [0, 0, 0.5, 1], "texture": "#7"},
				"up": {"uv": [0, 0, 1, 0.5], "texture": "#7"},
				"down": {"uv": [0, 0, 1, 0.5], "texture": "#7"}
			}
		},
		{
			"from": [2, 4, -1.5],
			"to": [3, 5, -1],
			"rotation": {"angle": 0, "axis": "y", "origin": [10, 12, 6]},
			"faces": {
				"north": {"uv": [0, 0, 1, 1], "texture": "#7"},
				"east": {"uv": [0, 0, 0.5, 1], "texture": "#7"},
				"south": {"uv": [0, 0, 1, 1], "texture": "#7"},
				"west": {"uv": [0, 0, 0.5, 1], "texture": "#7"},
				"up": {"uv": [0, 0, 1, 0.5], "texture": "#7"},
				"down": {"uv": [0, 0, 1, 0.5], "texture": "#7"}
			}
		},
		{
			"from": [2, 7, -1.5],
			"to": [3, 8, -1],
			"rotation": {"angle": 0, "axis": "y", "origin": [10, 15, 6]},
			"faces": {
				"north": {"uv": [0, 0, 1, 1], "texture": "#7"},
				"east": {"uv": [0, 0, 0.5, 1], "texture": "#7"},
				"south": {"uv": [0, 0, 1, 1], "texture": "#7"},
				"west": {"uv": [0, 0, 0.5, 1], "texture": "#7"},
				"up": {"uv": [0, 0, 1, 0.5], "texture": "#7"},
				"down": {"uv": [0, 0, 1, 0.5], "texture": "#7"}
			}
		},
		{
			"from": [2, 10, -1.5],
			"to": [3, 11, -1],
			"rotation": {"angle": 0, "axis": "y", "origin": [10, 18, 6]},
			"faces": {
				"north": {"uv": [0, 0, 1, 1], "texture": "#7"},
				"east": {"uv": [0, 0, 0.5, 1], "texture": "#7"},
				"south": {"uv": [0, 0, 1, 1], "texture": "#7"},
				"west": {"uv": [0, 0, 0.5, 1], "texture": "#7"},
				"up": {"uv": [0, 0, 1, 0.5], "texture": "#7"},
				"down": {"uv": [0, 0, 1, 0.5], "texture": "#7"}
			}
		},
		{
			"from": [2, 10, 17],
			"to": [3, 11, 17.5],
			"rotation": {"angle": 0, "axis": "y", "origin": [10, 18, 24]},
			"faces": {
				"north": {"uv": [0, 0, 1, 1], "texture": "#7"},
				"east": {"uv": [0, 0, 0.5, 1], "texture": "#7"},
				"south": {"uv": [0, 0, 1, 1], "texture": "#7"},
				"west": {"uv": [0, 0, 0.5, 1], "texture": "#7"},
				"up": {"uv": [0, 0, 1, 0.5], "texture": "#7"},
				"down": {"uv": [0, 0, 1, 0.5], "texture": "#7"}
			}
		},
		{
			"from": [15, 10, 17],
			"to": [16, 11, 17.5],
			"rotation": {"angle": 0, "axis": "y", "origin": [23, 18, 24]},
			"faces": {
				"north": {"uv": [0, 0, 1, 1], "texture": "#7"},
				"east": {"uv": [0, 0, 0.5, 1], "texture": "#7"},
				"south": {"uv": [0, 0, 1, 1], "texture": "#7"},
				"west": {"uv": [0, 0, 0.5, 1], "texture": "#7"},
				"up": {"uv": [0, 0, 1, 0.5], "texture": "#7"},
				"down": {"uv": [0, 0, 1, 0.5], "texture": "#7"}
			}
		},
		{
			"from": [15, 7, 17],
			"to": [16, 8, 17.5],
			"rotation": {"angle": 0, "axis": "y", "origin": [23, 15, 24]},
			"faces": {
				"north": {"uv": [0, 0, 1, 1], "texture": "#7"},
				"east": {"uv": [0, 0, 0.5, 1], "texture": "#7"},
				"south": {"uv": [0, 0, 1, 1], "texture": "#7"},
				"west": {"uv": [0, 0, 0.5, 1], "texture": "#7"},
				"up": {"uv": [0, 0, 1, 0.5], "texture": "#7"},
				"down": {"uv": [0, 0, 1, 0.5], "texture": "#7"}
			}
		},
		{
			"from": [15, 4, 17],
			"to": [16, 5, 17.5],
			"rotation": {"angle": 0, "axis": "y", "origin": [23, 12, 24]},
			"faces": {
				"north": {"uv": [0, 0, 1, 1], "texture": "#7"},
				"east": {"uv": [0, 0, 0.5, 1], "texture": "#7"},
				"south": {"uv": [0, 0, 1, 1], "texture": "#7"},
				"west": {"uv": [0, 0, 0.5, 1], "texture": "#7"},
				"up": {"uv": [0, 0, 1, 0.5], "texture": "#7"},
				"down": {"uv": [0, 0, 1, 0.5], "texture": "#7"}
			}
		},
		{
			"from": [24, 1, 17],
			"to": [25, 2, 17.5],
			"rotation": {"angle": 0, "axis": "y", "origin": [32, 9, 24]},
			"faces": {
				"north": {"uv": [0, 0, 1, 1], "texture": "#7"},
				"east": {"uv": [0, 0, 0.5, 1], "texture": "#7"},
				"south": {"uv": [0, 0, 1, 1], "texture": "#7"},
				"west": {"uv": [0, 0, 0.5, 1], "texture": "#7"},
				"up": {"uv": [0, 0, 1, 0.5], "texture": "#7"},
				"down": {"uv": [0, 0, 1, 0.5], "texture": "#7"}
			}
		},
		{
			"from": [24, 4, 17],
			"to": [25, 5, 17.5],
			"rotation": {"angle": 0, "axis": "y", "origin": [32, 12, 24]},
			"faces": {
				"north": {"uv": [0, 0, 1, 1], "texture": "#7"},
				"east": {"uv": [0, 0, 0.5, 1], "texture": "#7"},
				"south": {"uv": [0, 0, 1, 1], "texture": "#7"},
				"west": {"uv": [0, 0, 0.5, 1], "texture": "#7"},
				"up": {"uv": [0, 0, 1, 0.5], "texture": "#7"},
				"down": {"uv": [0, 0, 1, 0.5], "texture": "#7"}
			}
		},
		{
			"from": [24, 7, 17],
			"to": [25, 8, 17.5],
			"rotation": {"angle": 0, "axis": "y", "origin": [32, 15, 24]},
			"faces": {
				"north": {"uv": [0, 0, 1, 1], "texture": "#7"},
				"east": {"uv": [0, 0, 0.5, 1], "texture": "#7"},
				"south": {"uv": [0, 0, 1, 1], "texture": "#7"},
				"west": {"uv": [0, 0, 0.5, 1], "texture": "#7"},
				"up": {"uv": [0, 0, 1, 0.5], "texture": "#7"},
				"down": {"uv": [0, 0, 1, 0.5], "texture": "#7"}
			}
		},
		{
			"from": [24, 10, 17],
			"to": [25, 11, 17.5],
			"rotation": {"angle": 0, "axis": "y", "origin": [32, 18, 24]},
			"faces": {
				"north": {"uv": [0, 0, 1, 1], "texture": "#7"},
				"east": {"uv": [0, 0, 0.5, 1], "texture": "#7"},
				"south": {"uv": [0, 0, 1, 1], "texture": "#7"},
				"west": {"uv": [0, 0, 0.5, 1], "texture": "#7"},
				"up": {"uv": [0, 0, 1, 0.5], "texture": "#7"},
				"down": {"uv": [0, 0, 1, 0.5], "texture": "#7"}
			}
		},
		{
			"from": [24, 13, 17],
			"to": [25, 14, 17.5],
			"rotation": {"angle": 0, "axis": "y", "origin": [32, 21, 24]},
			"faces": {
				"north": {"uv": [0, 0, 1, 1], "texture": "#7"},
				"east": {"uv": [0, 0, 0.5, 1], "texture": "#7"},
				"south": {"uv": [0, 0, 1, 1], "texture": "#7"},
				"west": {"uv": [0, 0, 0.5, 1], "texture": "#7"},
				"up": {"uv": [0, 0, 1, 0.5], "texture": "#7"},
				"down": {"uv": [0, 0, 1, 0.5], "texture": "#7"}
			}
		},
		{
			"from": [2, 7, 17],
			"to": [3, 8, 17.5],
			"rotation": {"angle": 0, "axis": "y", "origin": [10, 15, 24]},
			"faces": {
				"north": {"uv": [0, 0, 1, 1], "texture": "#7"},
				"east": {"uv": [0, 0, 0.5, 1], "texture": "#7"},
				"south": {"uv": [0, 0, 1, 1], "texture": "#7"},
				"west": {"uv": [0, 0, 0.5, 1], "texture": "#7"},
				"up": {"uv": [0, 0, 1, 0.5], "texture": "#7"},
				"down": {"uv": [0, 0, 1, 0.5], "texture": "#7"}
			}
		},
		{
			"from": [2, 4, 17],
			"to": [3, 5, 17.5],
			"rotation": {"angle": 0, "axis": "y", "origin": [10, 12, 24]},
			"faces": {
				"north": {"uv": [0, 0, 1, 1], "texture": "#7"},
				"east": {"uv": [0, 0, 0.5, 1], "texture": "#7"},
				"south": {"uv": [0, 0, 1, 1], "texture": "#7"},
				"west": {"uv": [0, 0, 0.5, 1], "texture": "#7"},
				"up": {"uv": [0, 0, 1, 0.5], "texture": "#7"},
				"down": {"uv": [0, 0, 1, 0.5], "texture": "#7"}
			}
		},
		{
			"from": [-8.5, 13, 15],
			"to": [-8, 14, 16],
			"rotation": {"angle": 0, "axis": "y", "origin": [-1, 21, 22]},
			"faces": {
				"north": {"uv": [0, 0, 0.5, 1], "texture": "#7"},
				"east": {"uv": [0, 0, 1, 1], "texture": "#7"},
				"south": {"uv": [0, 0, 0.5, 1], "texture": "#7"},
				"west": {"uv": [0, 0, 1, 1], "texture": "#7"},
				"up": {"uv": [0, 0, 0.5, 1], "texture": "#7"},
				"down": {"uv": [0, 0, 0.5, 1], "texture": "#7"}
			}
		},
		{
			"from": [-8.5, 10, 15],
			"to": [-8, 11, 16],
			"rotation": {"angle": 0, "axis": "y", "origin": [-1, 18, 22]},
			"faces": {
				"north": {"uv": [0, 0, 0.5, 1], "texture": "#7"},
				"east": {"uv": [0, 0, 1, 1], "texture": "#7"},
				"south": {"uv": [0, 0, 0.5, 1], "texture": "#7"},
				"west": {"uv": [0, 0, 1, 1], "texture": "#7"},
				"up": {"uv": [0, 0, 0.5, 1], "texture": "#7"},
				"down": {"uv": [0, 0, 0.5, 1], "texture": "#7"}
			}
		},
		{
			"from": [-8.5, 7, 15],
			"to": [-8, 8, 16],
			"rotation": {"angle": 0, "axis": "y", "origin": [-1, 15, 22]},
			"faces": {
				"north": {"uv": [0, 0, 0.5, 1], "texture": "#7"},
				"east": {"uv": [0, 0, 1, 1], "texture": "#7"},
				"south": {"uv": [0, 0, 0.5, 1], "texture": "#7"},
				"west": {"uv": [0, 0, 1, 1], "texture": "#7"},
				"up": {"uv": [0, 0, 0.5, 1], "texture": "#7"},
				"down": {"uv": [0, 0, 0.5, 1], "texture": "#7"}
			}
		},
		{
			"from": [-8.5, 4, 15],
			"to": [-8, 5, 16],
			"rotation": {"angle": 0, "axis": "y", "origin": [-1, 12, 22]},
			"faces": {
				"north": {"uv": [0, 0, 0.5, 1], "texture": "#7"},
				"east": {"uv": [0, 0, 1, 1], "texture": "#7"},
				"south": {"uv": [0, 0, 0.5, 1], "texture": "#7"},
				"west": {"uv": [0, 0, 1, 1], "texture": "#7"},
				"up": {"uv": [0, 0, 0.5, 1], "texture": "#7"},
				"down": {"uv": [0, 0, 0.5, 1], "texture": "#7"}
			}
		},
		{
			"from": [-8.5, 1, 15],
			"to": [-8, 2, 16],
			"rotation": {"angle": 0, "axis": "y", "origin": [-1, 9, 22]},
			"faces": {
				"north": {"uv": [0, 0, 0.5, 1], "texture": "#7"},
				"east": {"uv": [0, 0, 1, 1], "texture": "#7"},
				"south": {"uv": [0, 0, 0.5, 1], "texture": "#7"},
				"west": {"uv": [0, 0, 1, 1], "texture": "#7"},
				"up": {"uv": [0, 0, 0.5, 1], "texture": "#7"},
				"down": {"uv": [0, 0, 0.5, 1], "texture": "#7"}
			}
		},
		{
			"from": [-8.5, 1, 0],
			"to": [-8, 2, 1],
			"rotation": {"angle": 0, "axis": "y", "origin": [-1, 9, 7]},
			"faces": {
				"north": {"uv": [0, 0, 0.5, 1], "texture": "#7"},
				"east": {"uv": [0, 0, 1, 1], "texture": "#7"},
				"south": {"uv": [0, 0, 0.5, 1], "texture": "#7"},
				"west": {"uv": [0, 0, 1, 1], "texture": "#7"},
				"up": {"uv": [0, 0, 0.5, 1], "texture": "#7"},
				"down": {"uv": [0, 0, 0.5, 1], "texture": "#7"}
			}
		},
		{
			"from": [-8.5, 4, 0],
			"to": [-8, 5, 1],
			"rotation": {"angle": 0, "axis": "y", "origin": [-1, 12, 7]},
			"faces": {
				"north": {"uv": [0, 0, 0.5, 1], "texture": "#7"},
				"east": {"uv": [0, 0, 1, 1], "texture": "#7"},
				"south": {"uv": [0, 0, 0.5, 1], "texture": "#7"},
				"west": {"uv": [0, 0, 1, 1], "texture": "#7"},
				"up": {"uv": [0, 0, 0.5, 1], "texture": "#7"},
				"down": {"uv": [0, 0, 0.5, 1], "texture": "#7"}
			}
		},
		{
			"from": [-8.5, 7, 0],
			"to": [-8, 8, 1],
			"rotation": {"angle": 0, "axis": "y", "origin": [-1, 15, 7]},
			"faces": {
				"north": {"uv": [0, 0, 0.5, 1], "texture": "#7"},
				"east": {"uv": [0, 0, 1, 1], "texture": "#7"},
				"south": {"uv": [0, 0, 0.5, 1], "texture": "#7"},
				"west": {"uv": [0, 0, 1, 1], "texture": "#7"},
				"up": {"uv": [0, 0, 0.5, 1], "texture": "#7"},
				"down": {"uv": [0, 0, 0.5, 1], "texture": "#7"}
			}
		},
		{
			"from": [-8.5, 10, 0],
			"to": [-8, 11, 1],
			"rotation": {"angle": 0, "axis": "y", "origin": [-1, 18, 7]},
			"faces": {
				"north": {"uv": [0, 0, 0.5, 1], "texture": "#7"},
				"east": {"uv": [0, 0, 1, 1], "texture": "#7"},
				"south": {"uv": [0, 0, 0.5, 1], "texture": "#7"},
				"west": {"uv": [0, 0, 1, 1], "texture": "#7"},
				"up": {"uv": [0, 0, 0.5, 1], "texture": "#7"},
				"down": {"uv": [0, 0, 0.5, 1], "texture": "#7"}
			}
		},
		{
			"from": [-8.5, 13, 0],
			"to": [-8, 14, 1],
			"rotation": {"angle": 0, "axis": "y", "origin": [-1, 21, 7]},
			"faces": {
				"north": {"uv": [0, 0, 0.5, 1], "texture": "#7"},
				"east": {"uv": [0, 0, 1, 1], "texture": "#7"},
				"south": {"uv": [0, 0, 0.5, 1], "texture": "#7"},
				"west": {"uv": [0, 0, 1, 1], "texture": "#7"},
				"up": {"uv": [0, 0, 0.5, 1], "texture": "#7"},
				"down": {"uv": [0, 0, 0.5, 1], "texture": "#7"}
			}
		},
		{
			"from": [26, 13, 0],
			"to": [26.5, 14, 1],
			"rotation": {"angle": 0, "axis": "y", "origin": [33, 21, 7]},
			"faces": {
				"north": {"uv": [0, 0, 0.5, 1], "texture": "#7"},
				"east": {"uv": [0, 0, 1, 1], "texture": "#7"},
				"south": {"uv": [0, 0, 0.5, 1], "texture": "#7"},
				"west": {"uv": [0, 0, 1, 1], "texture": "#7"},
				"up": {"uv": [0, 0, 0.5, 1], "texture": "#7"},
				"down": {"uv": [0, 0, 0.5, 1], "texture": "#7"}
			}
		},
		{
			"from": [26, 10, 0],
			"to": [26.5, 11, 1],
			"rotation": {"angle": 0, "axis": "y", "origin": [33, 18, 7]},
			"faces": {
				"north": {"uv": [0, 0, 0.5, 1], "texture": "#7"},
				"east": {"uv": [0, 0, 1, 1], "texture": "#7"},
				"south": {"uv": [0, 0, 0.5, 1], "texture": "#7"},
				"west": {"uv": [0, 0, 1, 1], "texture": "#7"},
				"up": {"uv": [0, 0, 0.5, 1], "texture": "#7"},
				"down": {"uv": [0, 0, 0.5, 1], "texture": "#7"}
			}
		},
		{
			"from": [26, 7, 0],
			"to": [26.5, 8, 1],
			"rotation": {"angle": 0, "axis": "y", "origin": [33, 15, 7]},
			"faces": {
				"north": {"uv": [0, 0, 0.5, 1], "texture": "#7"},
				"east": {"uv": [0, 0, 1, 1], "texture": "#7"},
				"south": {"uv": [0, 0, 0.5, 1], "texture": "#7"},
				"west": {"uv": [0, 0, 1, 1], "texture": "#7"},
				"up": {"uv": [0, 0, 0.5, 1], "texture": "#7"},
				"down": {"uv": [0, 0, 0.5, 1], "texture": "#7"}
			}
		},
		{
			"from": [26, 1, 0],
			"to": [26.5, 2, 1],
			"rotation": {"angle": 0, "axis": "y", "origin": [33, 9, 7]},
			"faces": {
				"north": {"uv": [0, 0, 0.5, 1], "texture": "#7"},
				"east": {"uv": [0, 0, 1, 1], "texture": "#7"},
				"south": {"uv": [0, 0, 0.5, 1], "texture": "#7"},
				"west": {"uv": [0, 0, 1, 1], "texture": "#7"},
				"up": {"uv": [0, 0, 0.5, 1], "texture": "#7"},
				"down": {"uv": [0, 0, 0.5, 1], "texture": "#7"}
			}
		},
		{
			"from": [26, 4, 0],
			"to": [26.5, 5, 1],
			"rotation": {"angle": 0, "axis": "y", "origin": [33, 12, 7]},
			"faces": {
				"north": {"uv": [0, 0, 0.5, 1], "texture": "#7"},
				"east": {"uv": [0, 0, 1, 1], "texture": "#7"},
				"south": {"uv": [0, 0, 0.5, 1], "texture": "#7"},
				"west": {"uv": [0, 0, 1, 1], "texture": "#7"},
				"up": {"uv": [0, 0, 0.5, 1], "texture": "#7"},
				"down": {"uv": [0, 0, 0.5, 1], "texture": "#7"}
			}
		},
		{
			"from": [26, 4, 15],
			"to": [26.5, 5, 16],
			"rotation": {"angle": 0, "axis": "y", "origin": [33, 12, 22]},
			"faces": {
				"north": {"uv": [0, 0, 0.5, 1], "texture": "#7"},
				"east": {"uv": [0, 0, 1, 1], "texture": "#7"},
				"south": {"uv": [0, 0, 0.5, 1], "texture": "#7"},
				"west": {"uv": [0, 0, 1, 1], "texture": "#7"},
				"up": {"uv": [0, 0, 0.5, 1], "texture": "#7"},
				"down": {"uv": [0, 0, 0.5, 1], "texture": "#7"}
			}
		},
		{
			"from": [26, 1, 15],
			"to": [26.5, 2, 16],
			"rotation": {"angle": 0, "axis": "y", "origin": [33, 9, 22]},
			"faces": {
				"north": {"uv": [0, 0, 0.5, 1], "texture": "#7"},
				"east": {"uv": [0, 0, 1, 1], "texture": "#7"},
				"south": {"uv": [0, 0, 0.5, 1], "texture": "#7"},
				"west": {"uv": [0, 0, 1, 1], "texture": "#7"},
				"up": {"uv": [0, 0, 0.5, 1], "texture": "#7"},
				"down": {"uv": [0, 0, 0.5, 1], "texture": "#7"}
			}
		},
		{
			"from": [26, 7, 15],
			"to": [26.5, 8, 16],
			"rotation": {"angle": 0, "axis": "y", "origin": [33, 15, 22]},
			"faces": {
				"north": {"uv": [0, 0, 0.5, 1], "texture": "#7"},
				"east": {"uv": [0, 0, 1, 1], "texture": "#7"},
				"south": {"uv": [0, 0, 0.5, 1], "texture": "#7"},
				"west": {"uv": [0, 0, 1, 1], "texture": "#7"},
				"up": {"uv": [0, 0, 0.5, 1], "texture": "#7"},
				"down": {"uv": [0, 0, 0.5, 1], "texture": "#7"}
			}
		},
		{
			"from": [26, 10, 15],
			"to": [26.5, 11, 16],
			"rotation": {"angle": 0, "axis": "y", "origin": [33, 18, 22]},
			"faces": {
				"north": {"uv": [0, 0, 0.5, 1], "texture": "#7"},
				"east": {"uv": [0, 0, 1, 1], "texture": "#7"},
				"south": {"uv": [0, 0, 0.5, 1], "texture": "#7"},
				"west": {"uv": [0, 0, 1, 1], "texture": "#7"},
				"up": {"uv": [0, 0, 0.5, 1], "texture": "#7"},
				"down": {"uv": [0, 0, 0.5, 1], "texture": "#7"}
			}
		},
		{
			"from": [26, 13, 15],
			"to": [26.5, 14, 16],
			"rotation": {"angle": 0, "axis": "y", "origin": [33, 21, 22]},
			"faces": {
				"north": {"uv": [0, 0, 0.5, 1], "texture": "#7"},
				"east": {"uv": [0, 0, 1, 1], "texture": "#7"},
				"south": {"uv": [0, 0, 0.5, 1], "texture": "#7"},
				"west": {"uv": [0, 0, 1, 1], "texture": "#7"},
				"up": {"uv": [0, 0, 0.5, 1], "texture": "#7"},
				"down": {"uv": [0, 0, 0.5, 1], "texture": "#7"}
			}
		},
		{
			"from": [-7, 10, 17],
			"to": [-6, 11, 17.5],
			"rotation": {"angle": 0, "axis": "y", "origin": [1, 18, 24]},
			"faces": {
				"north": {"uv": [0, 0, 1, 1], "texture": "#7"},
				"east": {"uv": [0, 0, 0.5, 1], "texture": "#7"},
				"south": {"uv": [0, 0, 1, 1], "texture": "#7"},
				"west": {"uv": [0, 0, 0.5, 1], "texture": "#7"},
				"up": {"uv": [0, 0, 1, 0.5], "texture": "#7"},
				"down": {"uv": [0, 0, 1, 0.5], "texture": "#7"}
			}
		},
		{
			"from": [-7, 13, 17],
			"to": [-6, 14, 17.5],
			"rotation": {"angle": 0, "axis": "y", "origin": [1, 21, 24]},
			"faces": {
				"north": {"uv": [0, 0, 1, 1], "texture": "#7"},
				"east": {"uv": [0, 0, 0.5, 1], "texture": "#7"},
				"south": {"uv": [0, 0, 1, 1], "texture": "#7"},
				"west": {"uv": [0, 0, 0.5, 1], "texture": "#7"},
				"up": {"uv": [0, 0, 1, 0.5], "texture": "#7"},
				"down": {"uv": [0, 0, 1, 0.5], "texture": "#7"}
			}
		},
		{
			"from": [-7, 7, 17],
			"to": [-6, 8, 17.5],
			"rotation": {"angle": 0, "axis": "y", "origin": [1, 15, 24]},
			"faces": {
				"north": {"uv": [0, 0, 1, 1], "texture": "#7"},
				"east": {"uv": [0, 0, 0.5, 1], "texture": "#7"},
				"south": {"uv": [0, 0, 1, 1], "texture": "#7"},
				"west": {"uv": [0, 0, 0.5, 1], "texture": "#7"},
				"up": {"uv": [0, 0, 1, 0.5], "texture": "#7"},
				"down": {"uv": [0, 0, 1, 0.5], "texture": "#7"}
			}
		},
		{
			"from": [-7, 4, 17],
			"to": [-6, 5, 17.5],
			"rotation": {"angle": 0, "axis": "y", "origin": [1, 12, 24]},
			"faces": {
				"north": {"uv": [0, 0, 1, 1], "texture": "#7"},
				"east": {"uv": [0, 0, 0.5, 1], "texture": "#7"},
				"south": {"uv": [0, 0, 1, 1], "texture": "#7"},
				"west": {"uv": [0, 0, 0.5, 1], "texture": "#7"},
				"up": {"uv": [0, 0, 1, 0.5], "texture": "#7"},
				"down": {"uv": [0, 0, 1, 0.5], "texture": "#7"}
			}
		},
		{
			"from": [-7, 1, 17],
			"to": [-6, 2, 17.5],
			"rotation": {"angle": 0, "axis": "y", "origin": [1, 9, 24]},
			"faces": {
				"north": {"uv": [0, 0, 1, 1], "texture": "#7"},
				"east": {"uv": [0, 0, 0.5, 1], "texture": "#7"},
				"south": {"uv": [0, 0, 1, 1], "texture": "#7"},
				"west": {"uv": [0, 0, 0.5, 1], "texture": "#7"},
				"up": {"uv": [0, 0, 1, 0.5], "texture": "#7"},
				"down": {"uv": [0, 0, 1, 0.5], "texture": "#7"}
			}
		},
		{
			"from": [24, 4, -1.5],
			"to": [25, 5, -1],
			"rotation": {"angle": 0, "axis": "y", "origin": [32, 12, 6]},
			"faces": {
				"north": {"uv": [0, 0, 1, 1], "texture": "#7"},
				"east": {"uv": [0, 0, 0.5, 1], "texture": "#7"},
				"south": {"uv": [0, 0, 1, 1], "texture": "#7"},
				"west": {"uv": [0, 0, 0.5, 1], "texture": "#7"},
				"up": {"uv": [0, 0, 1, 0.5], "texture": "#7"},
				"down": {"uv": [0, 0, 1, 0.5], "texture": "#7"}
			}
		},
		{
			"from": [24, 7, -1.5],
			"to": [25, 8, -1],
			"rotation": {"angle": 0, "axis": "y", "origin": [32, 15, 6]},
			"faces": {
				"north": {"uv": [0, 0, 1, 1], "texture": "#7"},
				"east": {"uv": [0, 0, 0.5, 1], "texture": "#7"},
				"south": {"uv": [0, 0, 1, 1], "texture": "#7"},
				"west": {"uv": [0, 0, 0.5, 1], "texture": "#7"},
				"up": {"uv": [0, 0, 1, 0.5], "texture": "#7"},
				"down": {"uv": [0, 0, 1, 0.5], "texture": "#7"}
			}
		},
		{
			"from": [-7, 7, -1.5],
			"to": [-6, 8, -1],
			"rotation": {"angle": 0, "axis": "y", "origin": [1, 15, 6]},
			"faces": {
				"north": {"uv": [0, 0, 1, 1], "texture": "#7"},
				"east": {"uv": [0, 0, 0.5, 1], "texture": "#7"},
				"south": {"uv": [0, 0, 1, 1], "texture": "#7"},
				"west": {"uv": [0, 0, 0.5, 1], "texture": "#7"},
				"up": {"uv": [0, 0, 1, 0.5], "texture": "#7"},
				"down": {"uv": [0, 0, 1, 0.5], "texture": "#7"}
			}
		},
		{
			"from": [-7, 4, -1.5],
			"to": [-6, 5, -1],
			"rotation": {"angle": 0, "axis": "y", "origin": [1, 12, 6]},
			"faces": {
				"north": {"uv": [0, 0, 1, 1], "texture": "#7"},
				"east": {"uv": [0, 0, 0.5, 1], "texture": "#7"},
				"south": {"uv": [0, 0, 1, 1], "texture": "#7"},
				"west": {"uv": [0, 0, 0.5, 1], "texture": "#7"},
				"up": {"uv": [0, 0, 1, 0.5], "texture": "#7"},
				"down": {"uv": [0, 0, 1, 0.5], "texture": "#7"}
			}
		},
		{
			"from": [-7, 1, -1.5],
			"to": [-6, 2, -1],
			"rotation": {"angle": 0, "axis": "y", "origin": [1, 9, 6]},
			"faces": {
				"north": {"uv": [0, 0, 1, 1], "texture": "#7"},
				"east": {"uv": [0, 0, 0.5, 1], "texture": "#7"},
				"south": {"uv": [0, 0, 1, 1], "texture": "#7"},
				"west": {"uv": [0, 0, 0.5, 1], "texture": "#7"},
				"up": {"uv": [0, 0, 1, 0.5], "texture": "#7"},
				"down": {"uv": [0, 0, 1, 0.5], "texture": "#7"}
			}
		},
		{
			"from": [24, 1, -1.5],
			"to": [25, 2, -1],
			"rotation": {"angle": 0, "axis": "y", "origin": [32, 9, 6]},
			"faces": {
				"north": {"uv": [0, 0, 1, 1], "texture": "#7"},
				"east": {"uv": [0, 0, 0.5, 1], "texture": "#7"},
				"south": {"uv": [0, 0, 1, 1], "texture": "#7"},
				"west": {"uv": [0, 0, 0.5, 1], "texture": "#7"},
				"up": {"uv": [0, 0, 1, 0.5], "texture": "#7"},
				"down": {"uv": [0, 0, 1, 0.5], "texture": "#7"}
			}
		},
		{
			"from": [24, 10, -1.5],
			"to": [25, 11, -1],
			"rotation": {"angle": 0, "axis": "y", "origin": [32, 18, 6]},
			"faces": {
				"north": {"uv": [0, 0, 1, 1], "texture": "#7"},
				"east": {"uv": [0, 0, 0.5, 1], "texture": "#7"},
				"south": {"uv": [0, 0, 1, 1], "texture": "#7"},
				"west": {"uv": [0, 0, 0.5, 1], "texture": "#7"},
				"up": {"uv": [0, 0, 1, 0.5], "texture": "#7"},
				"down": {"uv": [0, 0, 1, 0.5], "texture": "#7"}
			}
		},
		{
			"from": [25, 9, 6],
			"to": [26, 10, 10],
			"rotation": {"angle": 0, "axis": "y", "origin": [33, 17, 16]},
			"faces": {
				"north": {"uv": [0, 0, 1, 1], "texture": "#7"},
				"east": {"uv": [0, 0, 4, 1], "texture": "#7"},
				"south": {"uv": [0, 0, 1, 1], "texture": "#7"},
				"west": {"uv": [0, 0, 4, 1], "texture": "#7"},
				"up": {"uv": [0, 0, 1, 4], "texture": "#7"},
				"down": {"uv": [0, 0, 1, 4], "texture": "#7"}
			}
		},
		{
			"from": [-8, 9, 6],
			"to": [-7, 10, 10],
			"rotation": {"angle": 0, "axis": "y", "origin": [0, 17, 16]},
			"faces": {
				"north": {"uv": [0, 0, 1, 1], "texture": "#7"},
				"east": {"uv": [0, 0, 4, 1], "texture": "#7"},
				"south": {"uv": [0, 0, 1, 1], "texture": "#7"},
				"west": {"uv": [0, 0, 4, 1], "texture": "#7"},
				"up": {"uv": [0, 0, 1, 4], "texture": "#7"},
				"down": {"uv": [0, 0, 1, 4], "texture": "#7"}
			}
		},
		{
			"from": [-8, 7, 7],
			"to": [-7, 8, 9],
			"rotation": {"angle": 0, "axis": "y", "origin": [0, 15, 16]},
			"faces": {
				"north": {"uv": [0, 0, 1, 1], "texture": "#7"},
				"east": {"uv": [0, 0, 2, 1], "texture": "#7"},
				"south": {"uv": [0, 0, 1, 1], "texture": "#7"},
				"west": {"uv": [0, 0, 2, 1], "texture": "#7"},
				"up": {"uv": [0, 0, 1, 2], "texture": "#7"},
				"down": {"uv": [0, 0, 1, 2], "texture": "#7"}
			}
		},
		{
			"from": [25, 7, 7],
			"to": [26, 8, 9],
			"rotation": {"angle": 0, "axis": "y", "origin": [33, 15, 16]},
			"faces": {
				"north": {"uv": [0, 0, 1, 1], "texture": "#7"},
				"east": {"uv": [0, 0, 2, 1], "texture": "#7"},
				"south": {"uv": [0, 0, 1, 1], "texture": "#7"},
				"west": {"uv": [0, 0, 2, 1], "texture": "#7"},
				"up": {"uv": [0, 0, 1, 2], "texture": "#7"},
				"down": {"uv": [0, 0, 1, 2], "texture": "#7"}
			}
		},
		{
			"from": [25, 8, 6],
			"to": [26, 9, 7],
			"rotation": {"angle": 0, "axis": "y", "origin": [33, 16, 15]},
			"faces": {
				"north": {"uv": [0, 0, 1, 1], "texture": "#7"},
				"east": {"uv": [0, 0, 1, 1], "texture": "#7"},
				"south": {"uv": [0, 0, 1, 1], "texture": "#7"},
				"west": {"uv": [0, 0, 1, 1], "texture": "#7"},
				"up": {"uv": [0, 0, 1, 1], "texture": "#7"},
				"down": {"uv": [0, 0, 1, 1], "texture": "#7"}
			}
		},
		{
			"from": [25, 8, 9],
			"to": [26, 9, 10],
			"rotation": {"angle": 0, "axis": "y", "origin": [33, 16, 18]},
			"faces": {
				"north": {"uv": [0, 0, 1, 1], "texture": "#7"},
				"east": {"uv": [0, 0, 1, 1], "texture": "#7"},
				"south": {"uv": [0, 0, 1, 1], "texture": "#7"},
				"west": {"uv": [0, 0, 1, 1], "texture": "#7"},
				"up": {"uv": [0, 0, 1, 1], "texture": "#7"},
				"down": {"uv": [0, 0, 1, 1], "texture": "#7"}
			}
		},
		{
			"from": [-8, 8, 9],
			"to": [-7, 9, 10],
			"rotation": {"angle": 0, "axis": "y", "origin": [0, 16, 18]},
			"faces": {
				"north": {"uv": [0, 0, 1, 1], "texture": "#7"},
				"east": {"uv": [0, 0, 1, 1], "texture": "#7"},
				"south": {"uv": [0, 0, 1, 1], "texture": "#7"},
				"west": {"uv": [0, 0, 1, 1], "texture": "#7"},
				"up": {"uv": [0, 0, 1, 1], "texture": "#7"},
				"down": {"uv": [0, 0, 1, 1], "texture": "#7"}
			}
		},
		{
			"from": [-8, 8, 6],
			"to": [-7, 9, 7],
			"rotation": {"angle": 0, "axis": "y", "origin": [0, 16, 15]},
			"faces": {
				"north": {"uv": [0, 0, 1, 1], "texture": "#7"},
				"east": {"uv": [0, 0, 1, 1], "texture": "#7"},
				"south": {"uv": [0, 0, 1, 1], "texture": "#7"},
				"west": {"uv": [0, 0, 1, 1], "texture": "#7"},
				"up": {"uv": [0, 0, 1, 1], "texture": "#7"},
				"down": {"uv": [0, 0, 1, 1], "texture": "#7"}
			}
		},
		{
			"from": [-7, 17, 0],
			"to": [25, 20, 1],
			"rotation": {"angle": 22.5, "axis": "x", "origin": [9, 20, 9]},
			"faces": {
				"north": {"uv": [0, 0, 16, 3], "texture": "#2"},
				"east": {"uv": [0, 0, 1, 3], "texture": "#4"},
				"south": {"uv": [0, 0, 16, 3], "texture": "#4"},
				"west": {"uv": [0, 0, 1, 3], "texture": "#4"},
				"up": {"uv": [0, 0, 16, 1], "texture": "#4"},
				"down": {"uv": [0, 0, 16, 1], "texture": "#4"}
			}
		},
		{
			"from": [-8, 19, 0],
			"to": [-7, 21, 3],
			"rotation": {"angle": 22.5, "axis": "x", "origin": [9, 20, 9]},
			"faces": {
				"north": {"uv": [0, 0, 1, 2], "texture": "#10"},
				"east": {"uv": [0, 0, 3, 2], "texture": "#4"},
				"south": {"uv": [0, 0, 1, 2], "texture": "#4"},
				"west": {"uv": [0, 0, 3, 2], "texture": "#4"},
				"up": {"uv": [0, 0, 1, 3], "texture": "#4"},
				"down": {"uv": [0, 0, 1, 3], "texture": "#4"}
			}
		},
		{
			"from": [-8.001, 17, 0],
			"to": [-7.001, 19, 18],
			"rotation": {"angle": 22.5, "axis": "x", "origin": [9, 20, 9]},
			"faces": {
				"north": {"uv": [0, 0, 1, 2], "texture": "#10"},
				"east": {"uv": [0, 0, 16, 2], "texture": "#4"},
				"south": {"uv": [0, 0, 1, 2], "texture": "#4"},
				"west": {"uv": [0, 0, 16, 2], "texture": "#9"},
				"up": {"uv": [0, 0, 1, 16], "texture": "#4"},
				"down": {"uv": [0, 0, 1, 16], "texture": "#4"}
			}
		},
		{
			"from": [-8, 19, 15],
			"to": [-7, 21, 18],
			"rotation": {"angle": 22.5, "axis": "x", "origin": [9, 20, 9]},
			"faces": {
				"north": {"uv": [0, 0, 1, 2], "texture": "#10"},
				"east": {"uv": [0, 0, 3, 2], "texture": "#4"},
				"south": {"uv": [0, 0, 1, 2], "texture": "#4"},
				"west": {"uv": [0, 0, 3, 2], "texture": "#10"},
				"up": {"uv": [0, 0, 1, 3], "texture": "#4"},
				"down": {"uv": [0, 0, 1, 3], "texture": "#4"}
			}
		},
		{
			"from": [-8, 21, 14],
			"to": [-7, 24, 17],
			"rotation": {"angle": 22.5, "axis": "x", "origin": [9, 20, 9]},
			"faces": {
				"north": {"uv": [0, 0, 1, 3], "texture": "#10"},
				"east": {"uv": [0, 0, 3, 3], "texture": "#4"},
				"south": {"uv": [0, 0, 1, 3], "texture": "#4"},
				"west": {"uv": [0, 0, 3, 3], "texture": "#10"},
				"up": {"uv": [0, 0, 1, 3], "texture": "#4"},
				"down": {"uv": [0, 0, 1, 3], "texture": "#4"}
			}
		},
		{
			"from": [-8, 20, 14],
			"to": [-7, 21, 15],
			"rotation": {"angle": 22.5, "axis": "x", "origin": [9, 20, 9]},
			"faces": {
				"north": {"uv": [0, 0, 1, 1], "texture": "#10"},
				"east": {"uv": [0, 0, 1, 1], "texture": "#4"},
				"south": {"uv": [0, 0, 1, 1], "texture": "#4"},
				"west": {"uv": [0, 0, 1, 1], "texture": "#4"},
				"up": {"uv": [0, 0, 1, 1], "texture": "#4"},
				"down": {"uv": [0, 0, 1, 1], "texture": "#4"}
			}
		},
		{
			"from": [-8, 22, 12],
			"to": [-7, 23, 14],
			"rotation": {"angle": 22.5, "axis": "x", "origin": [9, 20, 9]},
			"faces": {
				"north": {"uv": [0, 0, 1, 1], "texture": "#10"},
				"east": {"uv": [0, 0, 2, 1], "texture": "#4"},
				"south": {"uv": [0, 0, 1, 1], "texture": "#4"},
				"west": {"uv": [0, 0, 2, 1], "texture": "#4"},
				"up": {"uv": [0, 0, 1, 2], "texture": "#4"},
				"down": {"uv": [0, 0, 1, 2], "texture": "#4"}
			}
		},
		{
			"from": [-8, 24, 14],
			"to": [-7, 25, 15],
			"rotation": {"angle": 22.5, "axis": "x", "origin": [9, 20, 9]},
			"faces": {
				"north": {"uv": [0, 0, 1, 1], "texture": "#10"},
				"east": {"uv": [0, 0, 1, 1], "texture": "#4"},
				"south": {"uv": [0, 0, 1, 1], "texture": "#4"},
				"west": {"uv": [0, 0, 1, 1], "texture": "#4"},
				"up": {"uv": [0, 0, 1, 1], "texture": "#4"},
				"down": {"uv": [0, 0, 1, 1], "texture": "#4"}
			}
		},
		{
			"from": [-8, 24, 3],
			"to": [-7, 25, 4],
			"rotation": {"angle": 22.5, "axis": "x", "origin": [9, 20, 9]},
			"faces": {
				"north": {"uv": [0, 0, 1, 1], "texture": "#10"},
				"east": {"uv": [0, 0, 1, 1], "texture": "#4"},
				"south": {"uv": [0, 0, 1, 1], "texture": "#4"},
				"west": {"uv": [0, 0, 1, 1], "texture": "#4"},
				"up": {"uv": [0, 0, 1, 1], "texture": "#4"},
				"down": {"uv": [0, 0, 1, 1], "texture": "#4"}
			}
		},
		{
			"from": [-8, 23, 4],
			"to": [-7, 25, 14],
			"rotation": {"angle": 22.5, "axis": "x", "origin": [9, 20, 9]},
			"faces": {
				"north": {"uv": [0, 0, 1, 2], "texture": "#10"},
				"east": {"uv": [0, 0, 10, 2], "texture": "#4"},
				"south": {"uv": [0, 0, 1, 2], "texture": "#4"},
				"west": {"uv": [0, 0, 10, 2], "texture": "#10"},
				"up": {"uv": [0, 0, 1, 10], "texture": "#4"},
				"down": {"uv": [0, 0, 1, 10], "texture": "#4"}
			}
		},
		{
			"from": [-8, 21, 1],
			"to": [-7, 24, 4],
			"rotation": {"angle": 22.5, "axis": "x", "origin": [9, 20, 9]},
			"faces": {
				"north": {"uv": [0, 0, 1, 3], "texture": "#10"},
				"east": {"uv": [0, 0, 3, 3], "texture": "#4"},
				"south": {"uv": [0, 0, 1, 3], "texture": "#4"},
				"west": {"uv": [0, 0, 3, 3], "texture": "#10"},
				"up": {"uv": [0, 0, 1, 3], "texture": "#4"},
				"down": {"uv": [0, 0, 1, 3], "texture": "#4"}
			}
		},
		{
			"from": [1, 20, 0],
			"to": [4, 21, 1],
			"rotation": {"angle": 22.5, "axis": "x", "origin": [9, 20, 9]},
			"faces": {
				"north": {"uv": [0, 0, 3, 1], "texture": "#10"},
				"east": {"uv": [0, 0, 1, 1], "texture": "#4"},
				"south": {"uv": [0, 0, 3, 1], "texture": "#4"},
				"west": {"uv": [0, 0, 1, 1], "texture": "#4"},
				"up": {"uv": [0, 0, 3, 1], "texture": "#4"},
				"down": {"uv": [0, 0, 3, 1], "texture": "#4"}
			}
		},
		{
			"from": [1, 21, 1],
			"to": [4, 23, 2],
			"rotation": {"angle": 22.5, "axis": "x", "origin": [9, 20, 9]},
			"faces": {
				"north": {"uv": [0, 0, 3, 2], "texture": "#10"},
				"east": {"uv": [0, 0, 1, 2], "texture": "#4"},
				"south": {"uv": [0, 0, 3, 2], "texture": "#4"},
				"west": {"uv": [0, 0, 1, 2], "texture": "#4"},
				"up": {"uv": [0, 0, 3, 1], "texture": "#4"},
				"down": {"uv": [0, 0, 3, 1], "texture": "#4"}
			}
		},
		{
			"from": [1, 23, 2],
			"to": [4, 24, 4],
			"rotation": {"angle": 22.5, "axis": "x", "origin": [9, 20, 9]},
			"faces": {
				"north": {"uv": [0, 0, 3, 1], "texture": "#10"},
				"east": {"uv": [0, 0, 2, 1], "texture": "#4"},
				"south": {"uv": [0, 0, 3, 1], "texture": "#4"},
				"west": {"uv": [0, 0, 2, 1], "texture": "#4"},
				"up": {"uv": [0, 0, 3, 2], "texture": "#4"},
				"down": {"uv": [0, 0, 3, 2], "texture": "#4"}
			}
		},
		{
			"from": [1, 24, 4],
			"to": [4, 25, 14],
			"rotation": {"angle": 22.5, "axis": "x", "origin": [9, 20, 9]},
			"faces": {
				"north": {"uv": [0, 0, 3, 1], "texture": "#10"},
				"east": {"uv": [0, 0, 10, 1], "texture": "#4"},
				"south": {"uv": [0, 0, 3, 1], "texture": "#4"},
				"west": {"uv": [0, 0, 10, 1], "texture": "#4"},
				"up": {"uv": [0, 0, 3, 10], "texture": "#4"},
				"down": {"uv": [0, 0, 3, 10], "texture": "#4"}
			}
		},
		{
			"from": [14, 20, 0],
			"to": [17, 21, 1],
			"rotation": {"angle": 22.5, "axis": "x", "origin": [9, 20, 9]},
			"faces": {
				"north": {"uv": [0, 0, 3, 1], "texture": "#10"},
				"east": {"uv": [0, 0, 1, 1], "texture": "#4"},
				"south": {"uv": [0, 0, 3, 1], "texture": "#4"},
				"west": {"uv": [0, 0, 1, 1], "texture": "#4"},
				"up": {"uv": [0, 0, 3, 1], "texture": "#4"},
				"down": {"uv": [0, 0, 3, 1], "texture": "#4"}
			}
		},
		{
			"from": [14, 21, 1],
			"to": [17, 23, 2],
			"rotation": {"angle": 22.5, "axis": "x", "origin": [9, 20, 9]},
			"faces": {
				"north": {"uv": [0, 0, 3, 2], "texture": "#10"},
				"east": {"uv": [0, 0, 1, 2], "texture": "#4"},
				"south": {"uv": [0, 0, 3, 2], "texture": "#4"},
				"west": {"uv": [0, 0, 1, 2], "texture": "#4"},
				"up": {"uv": [0, 0, 3, 1], "texture": "#4"},
				"down": {"uv": [0, 0, 3, 1], "texture": "#4"}
			}
		},
		{
			"from": [14, 23, 2],
			"to": [17, 24, 4],
			"rotation": {"angle": 22.5, "axis": "x", "origin": [9, 20, 9]},
			"faces": {
				"north": {"uv": [0, 0, 3, 1], "texture": "#10"},
				"east": {"uv": [0, 0, 2, 1], "texture": "#4"},
				"south": {"uv": [0, 0, 3, 1], "texture": "#4"},
				"west": {"uv": [0, 0, 2, 1], "texture": "#4"},
				"up": {"uv": [0, 0, 3, 2], "texture": "#4"},
				"down": {"uv": [0, 0, 3, 2], "texture": "#4"}
			}
		},
		{
			"from": [14, 24, 4],
			"to": [17, 25, 14],
			"rotation": {"angle": 22.5, "axis": "x", "origin": [9, 20, 9]},
			"faces": {
				"north": {"uv": [0, 0, 3, 1], "texture": "#10"},
				"east": {"uv": [0, 0, 10, 1], "texture": "#4"},
				"south": {"uv": [0, 0, 3, 1], "texture": "#4"},
				"west": {"uv": [0, 0, 10, 1], "texture": "#4"},
				"up": {"uv": [0, 0, 3, 10], "texture": "#4"},
				"down": {"uv": [0, 0, 3, 10], "texture": "#4"}
			}
		},
		{
			"from": [7.5, 16, -1],
			"to": [10.5, 20, 0],
			"rotation": {"angle": 22.5, "axis": "x", "origin": [9, 20, 9]},
			"faces": {
				"north": {"uv": [0, 0, 3, 4], "texture": "#15"},
				"east": {"uv": [0, 0, 1, 4], "texture": "#15"},
				"south": {"uv": [0, 0, 3, 4], "texture": "#4"},
				"west": {"uv": [0, 0, 1, 4], "texture": "#15"},
				"up": {"uv": [0, 0, 3, 1], "texture": "#15"},
				"down": {"uv": [0, 0, 3, 1], "texture": "#15"}
			}
		},
		{
			"from": [7.5, 20, 0],
			"to": [10.5, 21, 1],
			"rotation": {"angle": 22.5, "axis": "x", "origin": [9, 20, 9]},
			"faces": {
				"north": {"uv": [0, 0, 3, 1], "texture": "#10"},
				"east": {"uv": [0, 0, 1, 1], "texture": "#4"},
				"south": {"uv": [0, 0, 3, 1], "texture": "#4"},
				"west": {"uv": [0, 0, 1, 1], "texture": "#4"},
				"up": {"uv": [0, 0, 3, 1], "texture": "#4"},
				"down": {"uv": [0, 0, 3, 1], "texture": "#4"}
			}
		},
		{
			"from": [25, 19, 0],
			"to": [26, 21, 3],
			"rotation": {"angle": 22.5, "axis": "x", "origin": [9, 20, 9]},
			"faces": {
				"north": {"uv": [0, 0, 1, 2], "texture": "#10"},
				"east": {"uv": [0, 0, 3, 2], "texture": "#10"},
				"south": {"uv": [0, 0, 1, 2], "texture": "#4"},
				"west": {"uv": [0, 0, 3, 2], "texture": "#4"},
				"up": {"uv": [0, 0, 1, 3], "texture": "#4"},
				"down": {"uv": [0, 0, 1, 3], "texture": "#4"}
			}
		},
		{
			"from": [25, 21, 1],
			"to": [26, 24, 4],
			"rotation": {"angle": 22.5, "axis": "x", "origin": [9, 20, 9]},
			"faces": {
				"north": {"uv": [0, 0, 1, 3], "texture": "#10"},
				"east": {"uv": [0, 0, 3, 3], "texture": "#10"},
				"south": {"uv": [0, 0, 1, 3], "texture": "#4"},
				"west": {"uv": [0, 0, 3, 3], "texture": "#4"},
				"up": {"uv": [0, 0, 1, 3], "texture": "#4"},
				"down": {"uv": [0, 0, 1, 3], "texture": "#4"}
			}
		},
		{
			"from": [25.001, 17, 0],
			"to": [26.001, 19, 18],
			"rotation": {"angle": 22.5, "axis": "x", "origin": [9, 20, 9]},
			"faces": {
				"north": {"uv": [0, 0, 1, 2], "texture": "#10"},
				"east": {"uv": [0, 0, 16, 2], "texture": "#9"},
				"south": {"uv": [0, 0, 1, 2], "texture": "#4"},
				"west": {"uv": [0, 0, 16, 2], "texture": "#4"},
				"up": {"uv": [0, 0, 1, 16], "texture": "#4"},
				"down": {"uv": [0, 0, 1, 16], "texture": "#4"}
			}
		},
		{
			"from": [25, 23, 4],
			"to": [26, 25, 14],
			"rotation": {"angle": 22.5, "axis": "x", "origin": [9, 20, 9]},
			"faces": {
				"north": {"uv": [0, 0, 1, 2], "texture": "#10"},
				"east": {"uv": [0, 0, 10, 2], "texture": "#10"},
				"south": {"uv": [0, 0, 1, 2], "texture": "#4"},
				"west": {"uv": [0, 0, 10, 2], "texture": "#4"},
				"up": {"uv": [0, 0, 1, 10], "texture": "#4"},
				"down": {"uv": [0, 0, 1, 10], "texture": "#4"}
			}
		},
		{
			"from": [25, 24, 3],
			"to": [26, 25, 4],
			"rotation": {"angle": 22.5, "axis": "x", "origin": [9, 20, 9]},
			"faces": {
				"north": {"uv": [0, 0, 1, 1], "texture": "#10"},
				"east": {"uv": [0, 0, 1, 1], "texture": "#4"},
				"south": {"uv": [0, 0, 1, 1], "texture": "#4"},
				"west": {"uv": [0, 0, 1, 1], "texture": "#4"},
				"up": {"uv": [0, 0, 1, 1], "texture": "#4"},
				"down": {"uv": [0, 0, 1, 1], "texture": "#4"}
			}
		},
		{
			"from": [25, 19, 15],
			"to": [26, 21, 18],
			"rotation": {"angle": 22.5, "axis": "x", "origin": [9, 20, 9]},
			"faces": {
				"north": {"uv": [0, 0, 1, 2], "texture": "#10"},
				"east": {"uv": [0, 0, 3, 2], "texture": "#10"},
				"south": {"uv": [0, 0, 1, 2], "texture": "#4"},
				"west": {"uv": [0, 0, 3, 2], "texture": "#4"},
				"up": {"uv": [0, 0, 1, 3], "texture": "#4"},
				"down": {"uv": [0, 0, 1, 3], "texture": "#4"}
			}
		},
		{
			"from": [25, 21, 14],
			"to": [26, 24, 17],
			"rotation": {"angle": 22.5, "axis": "x", "origin": [9, 20, 9]},
			"faces": {
				"north": {"uv": [0, 0, 1, 3], "texture": "#10"},
				"east": {"uv": [0, 0, 3, 3], "texture": "#10"},
				"south": {"uv": [0, 0, 1, 3], "texture": "#4"},
				"west": {"uv": [0, 0, 3, 3], "texture": "#4"},
				"up": {"uv": [0, 0, 1, 3], "texture": "#4"},
				"down": {"uv": [0, 0, 1, 3], "texture": "#4"}
			}
		},
		{
			"from": [25, 20, 14],
			"to": [26, 21, 15],
			"rotation": {"angle": 22.5, "axis": "x", "origin": [9, 20, 9]},
			"faces": {
				"north": {"uv": [0, 0, 1, 1], "texture": "#10"},
				"east": {"uv": [0, 0, 1, 1], "texture": "#4"},
				"south": {"uv": [0, 0, 1, 1], "texture": "#4"},
				"west": {"uv": [0, 0, 1, 1], "texture": "#4"},
				"up": {"uv": [0, 0, 1, 1], "texture": "#4"},
				"down": {"uv": [0, 0, 1, 1], "texture": "#4"}
			}
		},
		{
			"from": [25, 22, 12],
			"to": [26, 23, 14],
			"rotation": {"angle": 22.5, "axis": "x", "origin": [9, 20, 9]},
			"faces": {
				"north": {"uv": [0, 0, 1, 1], "texture": "#10"},
				"east": {"uv": [0, 0, 2, 1], "texture": "#4"},
				"south": {"uv": [0, 0, 1, 1], "texture": "#4"},
				"west": {"uv": [0, 0, 2, 1], "texture": "#4"},
				"up": {"uv": [0, 0, 1, 2], "texture": "#4"},
				"down": {"uv": [0, 0, 1, 2], "texture": "#4"}
			}
		},
		{
			"from": [25, 22, 4],
			"to": [26, 23, 6],
			"rotation": {"angle": 22.5, "axis": "x", "origin": [9, 20, 9]},
			"faces": {
				"north": {"uv": [0, 0, 1, 1], "texture": "#10"},
				"east": {"uv": [0, 0, 2, 1], "texture": "#4"},
				"south": {"uv": [0, 0, 1, 1], "texture": "#4"},
				"west": {"uv": [0, 0, 2, 1], "texture": "#4"},
				"up": {"uv": [0, 0, 1, 2], "texture": "#4"},
				"down": {"uv": [0, 0, 1, 2], "texture": "#4"}
			}
		},
		{
			"from": [25, 24, 14],
			"to": [26, 25, 15],
			"rotation": {"angle": 22.5, "axis": "x", "origin": [9, 20, 9]},
			"faces": {
				"north": {"uv": [0, 0, 1, 1], "texture": "#10"},
				"east": {"uv": [0, 0, 1, 1], "texture": "#4"},
				"south": {"uv": [0, 0, 1, 1], "texture": "#4"},
				"west": {"uv": [0, 0, 1, 1], "texture": "#4"},
				"up": {"uv": [0, 0, 1, 1], "texture": "#4"},
				"down": {"uv": [0, 0, 1, 1], "texture": "#4"}
			}
		},
		{
			"from": [-7, 17, 17],
			"to": [25, 20, 18],
			"rotation": {"angle": 22.5, "axis": "x", "origin": [9, 20, 9]},
			"faces": {
				"north": {"uv": [0, 0, 16, 3], "texture": "#10"},
				"east": {"uv": [0, 0, 1, 3], "texture": "#4"},
				"south": {"uv": [0, 0, 16, 3], "texture": "#4"},
				"west": {"uv": [0, 0, 1, 3], "texture": "#4"},
				"up": {"uv": [0, 0, 16, 1], "texture": "#4"},
				"down": {"uv": [0, 0, 16, 1], "texture": "#4"}
			}
		},
		{
			"from": [14, 20, 17],
			"to": [17, 21, 18],
			"rotation": {"angle": 22.5, "axis": "x", "origin": [9, 20, 9]},
			"faces": {
				"north": {"uv": [0, 0, 3, 1], "texture": "#10"},
				"east": {"uv": [0, 0, 1, 1], "texture": "#4"},
				"south": {"uv": [0, 0, 3, 1], "texture": "#4"},
				"west": {"uv": [0, 0, 1, 1], "texture": "#4"},
				"up": {"uv": [0, 0, 3, 1], "texture": "#4"},
				"down": {"uv": [0, 0, 3, 1], "texture": "#4"}
			}
		},
		{
			"from": [14, 21, 16],
			"to": [17, 23, 17],
			"rotation": {"angle": 22.5, "axis": "x", "origin": [9, 20, 9]},
			"faces": {
				"north": {"uv": [0, 0, 3, 2], "texture": "#10"},
				"east": {"uv": [0, 0, 1, 2], "texture": "#4"},
				"south": {"uv": [0, 0, 3, 2], "texture": "#4"},
				"west": {"uv": [0, 0, 1, 2], "texture": "#4"},
				"up": {"uv": [0, 0, 3, 1], "texture": "#4"},
				"down": {"uv": [0, 0, 3, 1], "texture": "#4"}
			}
		},
		{
			"from": [14, 23, 14],
			"to": [17, 24, 16],
			"rotation": {"angle": 22.5, "axis": "x", "origin": [9, 20, 9]},
			"faces": {
				"north": {"uv": [0, 0, 3, 1], "texture": "#10"},
				"east": {"uv": [0, 0, 2, 1], "texture": "#4"},
				"south": {"uv": [0, 0, 3, 1], "texture": "#4"},
				"west": {"uv": [0, 0, 2, 1], "texture": "#4"},
				"up": {"uv": [0, 0, 3, 2], "texture": "#4"},
				"down": {"uv": [0, 0, 3, 2], "texture": "#4"}
			}
		},
		{
			"from": [1, 20, 17],
			"to": [4, 21, 18],
			"rotation": {"angle": 22.5, "axis": "x", "origin": [9, 20, 9]},
			"faces": {
				"north": {"uv": [0, 0, 3, 1], "texture": "#10"},
				"east": {"uv": [0, 0, 1, 1], "texture": "#4"},
				"south": {"uv": [0, 0, 3, 1], "texture": "#4"},
				"west": {"uv": [0, 0, 1, 1], "texture": "#4"},
				"up": {"uv": [0, 0, 3, 1], "texture": "#4"},
				"down": {"uv": [0, 0, 3, 1], "texture": "#4"}
			}
		},
		{
			"from": [1, 21, 16],
			"to": [4, 23, 17],
			"rotation": {"angle": 22.5, "axis": "x", "origin": [9, 20, 9]},
			"faces": {
				"north": {"uv": [0, 0, 3, 2], "texture": "#10"},
				"east": {"uv": [0, 0, 1, 2], "texture": "#4"},
				"south": {"uv": [0, 0, 3, 2], "texture": "#4"},
				"west": {"uv": [0, 0, 1, 2], "texture": "#4"},
				"up": {"uv": [0, 0, 3, 1], "texture": "#4"},
				"down": {"uv": [0, 0, 3, 1], "texture": "#4"}
			}
		},
		{
			"from": [1, 23, 14],
			"to": [4, 24, 16],
			"rotation": {"angle": 22.5, "axis": "x", "origin": [9, 20, 9]},
			"faces": {
				"north": {"uv": [0, 0, 3, 1], "texture": "#10"},
				"east": {"uv": [0, 0, 2, 1], "texture": "#4"},
				"south": {"uv": [0, 0, 3, 1], "texture": "#4"},
				"west": {"uv": [0, 0, 2, 1], "texture": "#4"},
				"up": {"uv": [0, 0, 3, 2], "texture": "#4"},
				"down": {"uv": [0, 0, 3, 2], "texture": "#4"}
			}
		},
		{
			"from": [-8, 22, 4],
			"to": [-7, 23, 6],
			"rotation": {"angle": 22.5, "axis": "x", "origin": [9, 20, 9]},
			"faces": {
				"north": {"uv": [0, 0, 1, 1], "texture": "#10"},
				"east": {"uv": [0, 0, 2, 1], "texture": "#4"},
				"south": {"uv": [0, 0, 1, 1], "texture": "#4"},
				"west": {"uv": [0, 0, 2, 1], "texture": "#4"},
				"up": {"uv": [0, 0, 1, 2], "texture": "#4"},
				"down": {"uv": [0, 0, 1, 2], "texture": "#4"}
			}
		},
		{
			"from": [-8, 20, 3],
			"to": [-7, 21, 4],
			"rotation": {"angle": 22.5, "axis": "x", "origin": [9, 20, 9]},
			"faces": {
				"north": {"uv": [0, 0, 1, 1], "texture": "#10"},
				"east": {"uv": [0, 0, 1, 1], "texture": "#4"},
				"south": {"uv": [0, 0, 1, 1], "texture": "#4"},
				"west": {"uv": [0, 0, 1, 1], "texture": "#4"},
				"up": {"uv": [0, 0, 1, 1], "texture": "#4"},
				"down": {"uv": [0, 0, 1, 1], "texture": "#4"}
			}
		},
		{
			"from": [-7, 17, 1],
			"to": [25, 21, 17],
			"rotation": {"angle": 22.5, "axis": "x", "origin": [9, 20, 9]},
			"faces": {
				"north": {"uv": [0, 0, 16, 4], "texture": "#6"},
				"east": {"uv": [0, 0, 16, 4], "texture": "#6"},
				"south": {"uv": [0, 0, 16, 4], "texture": "#6"},
				"west": {"uv": [0, 0, 16, 4], "texture": "#6"},
				"up": {"uv": [0, 0, 16, 16], "texture": "#6"},
				"down": {"uv": [0, 0, 16, 16], "texture": "#11"}
			}
		},
		{
			"from": [-7, 21, 2],
			"to": [25, 23, 16],
			"rotation": {"angle": 22.5, "axis": "x", "origin": [9, 20, 9]},
			"faces": {
				"north": {"uv": [0, 0, 16, 2], "texture": "#6"},
				"east": {"uv": [0, 0, 14, 2], "texture": "#6"},
				"south": {"uv": [0, 0, 16, 2], "texture": "#6"},
				"west": {"uv": [0, 0, 14, 2], "texture": "#6"},
				"up": {"uv": [0, 0, 16, 14], "texture": "#6"},
				"down": {"uv": [0, 0, 16, 14], "texture": "#missing"}
			}
		},
		{
			"from": [-7, 23, 4],
			"to": [25, 24, 14],
			"rotation": {"angle": 22.5, "axis": "x", "origin": [9, 20, 9]},
			"faces": {
				"north": {"uv": [0, 0, 16, 1], "texture": "#6"},
				"east": {"uv": [0, 0, 10, 1], "texture": "#missing"},
				"south": {"uv": [0, 0, 16, 1], "texture": "#6"},
				"west": {"uv": [0, 0, 10, 1], "texture": "#missing"},
				"up": {"uv": [0, 0, 16, 10], "texture": "#6"},
				"down": {"uv": [0, 0, 16, 10], "texture": "#missing"}
			}
		},
		{
			"from": [-5, 15, 6],
			"to": [-3, 15.5, 10],
			"rotation": {"angle": 0, "axis": "y", "origin": [14, 16, -3]},
			"faces": {
				"north": {"uv": [0, 0, 2, 0.5], "texture": "#8"},
				"east": {"uv": [0, 0, 4, 0.5], "texture": "#missing"},
				"south": {"uv": [0, 0, 2, 0.5], "texture": "#8"},
				"west": {"uv": [0, 0, 4, 0.5], "texture": "#8"},
				"up": {"uv": [0, 0, 2, 4], "texture": "#8"},
				"down": {"uv": [0, 0, 2, 4], "texture": "#missing"}
			}
		},
		{
			"from": [-4, 15, 4],
			"to": [-2, 16, 6],
			"rotation": {"angle": 22.5, "axis": "x", "origin": [-3, 16, 5]},
			"color": 5,
			"faces": {
				"north": {"uv": [0, 0, 2, 1], "texture": "#missing"},
				"east": {"uv": [0, 0, 2, 1], "texture": "#missing"},
				"south": {"uv": [0, 0, 2, 1], "texture": "#missing"},
				"west": {"uv": [0, 0, 2, 1], "texture": "#missing"},
				"up": {"uv": [0, 0, 2, 2], "texture": "#missing"},
				"down": {"uv": [0, 0, 2, 2], "texture": "#missing"}
			}
		},
		{
			"from": [0, 15, 5],
			"to": [2, 16, 7],
			"rotation": {"angle": -22.5, "axis": "x", "origin": [1, 16, 6]},
			"faces": {
				"north": {"uv": [0, 0, 2, 1], "texture": "#8"},
				"east": {"uv": [0, 0, 2, 1], "texture": "#8"},
				"south": {"uv": [0, 0, 2, 1], "texture": "#8"},
				"west": {"uv": [0, 0, 2, 1], "texture": "#8"},
				"up": {"uv": [0, 0, 2, 2], "texture": "#8"},
				"down": {"uv": [0, 0, 2, 2], "texture": "#8"}
			}
		},
		{
			"from": [5, 15, 1],
			"to": [7, 16, 3],
			"rotation": {"angle": 22.5, "axis": "x", "origin": [6, 16, 2]},
			"faces": {
				"north": {"uv": [0, 0, 2, 1], "texture": "#8"},
				"east": {"uv": [0, 0, 2, 1], "texture": "#8"},
				"south": {"uv": [0, 0, 2, 1], "texture": "#8"},
				"west": {"uv": [0, 0, 2, 1], "texture": "#8"},
				"up": {"uv": [0, 0, 2, 2], "texture": "#8"},
				"down": {"uv": [0, 0, 2, 2], "texture": "#8"}
			}
		},
		{
			"from": [3, 15, 5],
			"to": [5, 16, 7],
			"rotation": {"angle": 22.5, "axis": "y", "origin": [4, 16, 6]},
			"faces": {
				"north": {"uv": [0, 0, 2, 1], "texture": "#8"},
				"east": {"uv": [0, 0, 2, 1], "texture": "#8"},
				"south": {"uv": [0, 0, 2, 1], "texture": "#8"},
				"west": {"uv": [0, 0, 2, 1], "texture": "#8"},
				"up": {"uv": [0, 0, 2, 2], "texture": "#8"},
				"down": {"uv": [0, 0, 2, 2], "texture": "#8"}
			}
		},
		{
			"from": [6, 15, 5],
			"to": [8, 16, 7],
			"rotation": {"angle": -22.5, "axis": "y", "origin": [7, 16, 6]},
			"faces": {
				"north": {"uv": [0, 0, 2, 1], "texture": "#8"},
				"east": {"uv": [0, 0, 2, 1], "texture": "#8"},
				"south": {"uv": [0, 0, 2, 1], "texture": "#8"},
				"west": {"uv": [0, 0, 2, 1], "texture": "#8"},
				"up": {"uv": [0, 0, 2, 2], "texture": "#8"},
				"down": {"uv": [0, 0, 2, 2], "texture": "#8"}
			}
		},
		{
			"from": [-1, 15, 1],
			"to": [1, 16, 3],
			"rotation": {"angle": 22.5, "axis": "z", "origin": [0, 16, 2]},
			"faces": {
				"north": {"uv": [0, 0, 2, 1], "texture": "#8"},
				"east": {"uv": [0, 0, 2, 1], "texture": "#8"},
				"south": {"uv": [0, 0, 2, 1], "texture": "#8"},
				"west": {"uv": [0, 0, 2, 1], "texture": "#8"},
				"up": {"uv": [0, 0, 2, 2], "texture": "#8"},
				"down": {"uv": [0, 0, 2, 2], "texture": "#8"}
			}
		},
		{
			"from": [-5, 15, 7],
			"to": [-3, 16, 9],
			"rotation": {"angle": -22.5, "axis": "y", "origin": [-4, 16, 8]},
			"faces": {
				"north": {"uv": [0, 0, 2, 1], "texture": "#8"},
				"east": {"uv": [0, 0, 2, 1], "texture": "#8"},
				"south": {"uv": [0, 0, 2, 1], "texture": "#8"},
				"west": {"uv": [0, 0, 2, 1], "texture": "#8"},
				"up": {"uv": [0, 0, 2, 2], "texture": "#8"},
				"down": {"uv": [0, 0, 2, 2], "texture": "#8"}
			}
		},
		{
			"from": [14, 15, 4],
			"to": [16, 16, 6],
			"rotation": {"angle": 22.5, "axis": "z", "origin": [15, 16, 5]},
			"faces": {
				"north": {"uv": [0, 0, 2, 1], "texture": "#8"},
				"east": {"uv": [0, 0, 2, 1], "texture": "#8"},
				"south": {"uv": [0, 0, 2, 1], "texture": "#8"},
				"west": {"uv": [0, 0, 2, 1], "texture": "#8"},
				"up": {"uv": [0, 0, 2, 2], "texture": "#8"},
				"down": {"uv": [0, 0, 2, 2], "texture": "#8"}
			}
		},
		{
			"from": [21, 15, 2],
			"to": [23, 16, 4],
			"rotation": {"angle": -22.5, "axis": "y", "origin": [22, 16, 3]},
			"faces": {
				"north": {"uv": [0, 0, 2, 1], "texture": "#8"},
				"east": {"uv": [0, 0, 2, 1], "texture": "#8"},
				"south": {"uv": [0, 0, 2, 1], "texture": "#8"},
				"west": {"uv": [0, 0, 2, 1], "texture": "#8"},
				"up": {"uv": [0, 0, 2, 2], "texture": "#8"},
				"down": {"uv": [0, 0, 2, 2], "texture": "#8"}
			}
		},
		{
			"from": [15, 15, 8],
			"to": [17, 16, 10],
			"rotation": {"angle": 22.5, "axis": "y", "origin": [16, 16, 9]},
			"faces": {
				"north": {"uv": [0, 0, 2, 1], "texture": "#8"},
				"east": {"uv": [0, 0, 2, 1], "texture": "#8"},
				"south": {"uv": [0, 0, 2, 1], "texture": "#8"},
				"west": {"uv": [0, 0, 2, 1], "texture": "#8"},
				"up": {"uv": [0, 0, 2, 2], "texture": "#8"},
				"down": {"uv": [0, 0, 2, 2], "texture": "#8"}
			}
		},
		{
			"from": [11, 15, 9],
			"to": [13, 16, 11],
			"rotation": {"angle": -22.5, "axis": "x", "origin": [12, 16, 10]},
			"faces": {
				"north": {"uv": [0, 0, 2, 1], "texture": "#8"},
				"east": {"uv": [0, 0, 2, 1], "texture": "#8"},
				"south": {"uv": [0, 0, 2, 1], "texture": "#8"},
				"west": {"uv": [0, 0, 2, 1], "texture": "#8"},
				"up": {"uv": [0, 0, 2, 2], "texture": "#8"},
				"down": {"uv": [0, 0, 2, 2], "texture": "#8"}
			}
		},
		{
			"from": [-3, 15, 9],
			"to": [-1, 16, 11],
			"rotation": {"angle": -22.5, "axis": "z", "origin": [-2, 16, 10]},
			"faces": {
				"north": {"uv": [0, 0, 2, 1], "texture": "#8"},
				"east": {"uv": [0, 0, 2, 1], "texture": "#8"},
				"south": {"uv": [0, 0, 2, 1], "texture": "#8"},
				"west": {"uv": [0, 0, 2, 1], "texture": "#8"},
				"up": {"uv": [0, 0, 2, 2], "texture": "#8"},
				"down": {"uv": [0, 0, 2, 2], "texture": "#8"}
			}
		},
		{
			"from": [4, 15, 9],
			"to": [6, 16, 11],
			"rotation": {"angle": 22.5, "axis": "z", "origin": [5, 16, 10]},
			"faces": {
				"north": {"uv": [0, 0, 2, 1], "texture": "#8"},
				"east": {"uv": [0, 0, 2, 1], "texture": "#8"},
				"south": {"uv": [0, 0, 2, 1], "texture": "#8"},
				"west": {"uv": [0, 0, 2, 1], "texture": "#8"},
				"up": {"uv": [0, 0, 2, 2], "texture": "#8"},
				"down": {"uv": [0, 0, 2, 2], "texture": "#8"}
			}
		},
		{
			"from": [9, 15, 7],
			"to": [11, 16, 9],
			"rotation": {"angle": 22.5, "axis": "y", "origin": [10, 16, 8]},
			"faces": {
				"north": {"uv": [0, 0, 2, 1], "texture": "#8"},
				"east": {"uv": [0, 0, 2, 1], "texture": "#8"},
				"south": {"uv": [0, 0, 2, 1], "texture": "#8"},
				"west": {"uv": [0, 0, 2, 1], "texture": "#8"},
				"up": {"uv": [0, 0, 2, 2], "texture": "#8"},
				"down": {"uv": [0, 0, 2, 2], "texture": "#8"}
			}
		},
		{
			"from": [19, 15, 9],
			"to": [21, 16, 11],
			"rotation": {"angle": -22.5, "axis": "z", "origin": [20, 16, 10]},
			"faces": {
				"north": {"uv": [0, 0, 2, 1], "texture": "#8"},
				"east": {"uv": [0, 0, 2, 1], "texture": "#8"},
				"south": {"uv": [0, 0, 2, 1], "texture": "#8"},
				"west": {"uv": [0, 0, 2, 1], "texture": "#8"},
				"up": {"uv": [0, 0, 2, 2], "texture": "#8"},
				"down": {"uv": [0, 0, 2, 2], "texture": "#8"}
			}
		},
		{
			"from": [21, 15, 7],
			"to": [23, 16, 9],
			"rotation": {"angle": 22.5, "axis": "x", "origin": [22, 16, 8]},
			"faces": {
				"north": {"uv": [0, 0, 2, 1], "texture": "#8"},
				"east": {"uv": [0, 0, 2, 1], "texture": "#8"},
				"south": {"uv": [0, 0, 2, 1], "texture": "#8"},
				"west": {"uv": [0, 0, 2, 1], "texture": "#8"},
				"up": {"uv": [0, 0, 2, 2], "texture": "#8"},
				"down": {"uv": [0, 0, 2, 2], "texture": "#8"}
			}
		},
		{
			"from": [17, 15, 2],
			"to": [19, 16, 4],
			"rotation": {"angle": -22.5, "axis": "x", "origin": [18, 16, 3]},
			"faces": {
				"north": {"uv": [0, 0, 2, 1], "texture": "#8"},
				"east": {"uv": [0, 0, 2, 1], "texture": "#8"},
				"south": {"uv": [0, 0, 2, 1], "texture": "#8"},
				"west": {"uv": [0, 0, 2, 1], "texture": "#8"},
				"up": {"uv": [0, 0, 2, 2], "texture": "#8"},
				"down": {"uv": [0, 0, 2, 2], "texture": "#8"}
			}
		},
		{
			"from": [9, 15, 3],
			"to": [11, 16, 5],
			"rotation": {"angle": -22.5, "axis": "z", "origin": [10, 16, 4]},
			"faces": {
				"north": {"uv": [0, 0, 2, 1], "texture": "#8"},
				"east": {"uv": [0, 0, 2, 1], "texture": "#8"},
				"south": {"uv": [0, 0, 2, 1], "texture": "#8"},
				"west": {"uv": [0, 0, 2, 1], "texture": "#8"},
				"up": {"uv": [0, 0, 2, 2], "texture": "#8"},
				"down": {"uv": [0, 0, 2, 2], "texture": "#8"}
			}
		},
		{
			"from": [-3, 15, 3],
			"to": [23, 15.5, 13],
			"rotation": {"angle": 0, "axis": "y", "origin": [22, 16, 3]},
			"faces": {
				"north": {"uv": [0, 0, 16, 0.5], "texture": "#8"},
				"east": {"uv": [0, 0, 10, 0.5], "texture": "#8"},
				"south": {"uv": [0, 0, 16, 0.5], "texture": "#missing"},
				"west": {"uv": [0, 0, 10, 0.5], "texture": "#8"},
				"up": {"uv": [0, 0, 16, 10], "texture": "#8"},
				"down": {"uv": [0, 0, 16, 10], "texture": "#missing"}
			}
		},
		{
			"from": [-2, 15, 2],
			"to": [8, 15.5, 3],
			"rotation": {"angle": 0, "axis": "y", "origin": [22, 16, -7]},
			"faces": {
				"north": {"uv": [0, 0, 10, 0.5], "texture": "#missing"},
				"east": {"uv": [0, 0, 1, 0.5], "texture": "#8"},
				"south": {"uv": [0, 0, 10, 0.5], "texture": "#missing"},
				"west": {"uv": [0, 0, 1, 0.5], "texture": "#missing"},
				"up": {"uv": [0, 0, 10, 1], "texture": "#8"},
				"down": {"uv": [0, 0, 10, 1], "texture": "#missing"}
			}
		},
		{
			"from": [9, 15, 1],
			"to": [18, 15.5, 3],
			"rotation": {"angle": 0, "axis": "y", "origin": [33, 16, -7]},
			"faces": {
				"north": {"uv": [0, 0, 9, 0.5], "texture": "#8"},
				"east": {"uv": [0, 0, 2, 0.5], "texture": "#8"},
				"south": {"uv": [0, 0, 9, 0.5], "texture": "#missing"},
				"west": {"uv": [0, 0, 2, 0.5], "texture": "#8"},
				"up": {"uv": [0, 0, 9, 2], "texture": "#8"},
				"down": {"uv": [0, 0, 9, 2], "texture": "#missing"}
			}
		},
		{
			"from": [20, 15, 2],
			"to": [23, 15.5, 3],
			"rotation": {"angle": 0, "axis": "y", "origin": [39, 16, -7]},
			"faces": {
				"north": {"uv": [0, 0, 3, 0.5], "texture": "#8"},
				"east": {"uv": [0, 0, 1, 0.5], "texture": "#missing"},
				"south": {"uv": [0, 0, 3, 0.5], "texture": "#missing"},
				"west": {"uv": [0, 0, 1, 0.5], "texture": "#missing"},
				"up": {"uv": [0, 0, 3, 1], "texture": "#8"},
				"down": {"uv": [0, 0, 3, 1], "texture": "#missing"}
			}
		},
		{
			"from": [23, 15, 3],
			"to": [24, 15.5, 5],
			"rotation": {"angle": 0, "axis": "y", "origin": [42, 16, -6]},
			"faces": {
				"north": {"uv": [0, 0, 1, 0.5], "texture": "#8"},
				"east": {"uv": [0, 0, 2, 0.5], "texture": "#8"},
				"south": {"uv": [0, 0, 1, 0.5], "texture": "#8"},
				"west": {"uv": [0, 0, 2, 0.5], "texture": "#missing"},
				"up": {"uv": [0, 0, 1, 2], "texture": "#8"},
				"down": {"uv": [0, 0, 1, 2], "texture": "#missing"}
			}
		},
		{
			"from": [23, 15, 6],
			"to": [25, 15.5, 10],
			"rotation": {"angle": 0, "axis": "y", "origin": [42, 16, -3]},
			"faces": {
				"north": {"uv": [0, 0, 2, 0.5], "texture": "#8"},
				"east": {"uv": [0, 0, 4, 0.5], "texture": "#8"},
				"south": {"uv": [0, 0, 2, 0.5], "texture": "#8"},
				"west": {"uv": [0, 0, 4, 0.5], "texture": "#missing"},
				"up": {"uv": [0, 0, 2, 4], "texture": "#8"},
				"down": {"uv": [0, 0, 2, 4], "texture": "#missing"}
			}
		},
		{
			"from": [-2, 14, 5],
			"to": [0, 15, 7],
			"rotation": {"angle": -22.5, "axis": "y", "origin": [-1, 14, 6]},
			"color": 5,
			"faces": {
				"north": {"uv": [0, 0, 2, 1], "texture": "#missing"},
				"east": {"uv": [0, 0, 2, 1], "texture": "#missing"},
				"south": {"uv": [0, 0, 2, 1], "texture": "#missing"},
				"west": {"uv": [0, 0, 2, 1], "texture": "#missing"},
				"up": {"uv": [0, 0, 2, 2], "texture": "#missing"},
				"down": {"uv": [0, 0, 2, 2], "texture": "#missing"}
			}
		},
		{
			"from": [18, 12, 3],
			"to": [20, 13, 5],
			"rotation": {"angle": 45, "axis": "x", "origin": [19, 15, 4]},
			"color": 5,
			"faces": {
				"north": {"uv": [0, 0, 2, 1], "texture": "#missing"},
				"east": {"uv": [0, 0, 2, 1], "texture": "#missing"},
				"south": {"uv": [0, 0, 2, 1], "texture": "#missing"},
				"west": {"uv": [0, 0, 2, 1], "texture": "#missing"},
				"up": {"uv": [0, 0, 2, 2], "texture": "#missing"},
				"down": {"uv": [0, 0, 2, 2], "texture": "#missing"}
			}
		},
		{
			"from": [-2, 11, 5],
			"to": [0, 12, 7],
			"rotation": {"angle": -22.5, "axis": "y", "origin": [-1, 14, 6]},
			"color": 5,
			"faces": {
				"north": {"uv": [0, 0, 2, 1], "texture": "#missing"},
				"east": {"uv": [0, 0, 2, 1], "texture": "#missing"},
				"south": {"uv": [0, 0, 2, 1], "texture": "#missing"},
				"west": {"uv": [0, 0, 2, 1], "texture": "#missing"},
				"up": {"uv": [0, 0, 2, 2], "texture": "#missing"},
				"down": {"uv": [0, 0, 2, 2], "texture": "#missing"}
			}
		},
		{
			"from": [18.5, 13, 3.5],
			"to": [19.5, 15, 4.5],
			"rotation": {"angle": 45, "axis": "x", "origin": [19, 15, 4]},
			"color": 5,
			"faces": {
				"north": {"uv": [0, 0, 1, 2], "texture": "#missing"},
				"east": {"uv": [0, 0, 1, 2], "texture": "#missing"},
				"south": {"uv": [0, 0, 1, 2], "texture": "#missing"},
				"west": {"uv": [0, 0, 1, 2], "texture": "#missing"},
				"up": {"uv": [0, 0, 1, 1], "texture": "#missing"},
				"down": {"uv": [0, 0, 1, 1], "texture": "#missing"}
			}
		},
		{
			"from": [-1.5, 12, 5.5],
			"to": [-0.5, 14, 6.5],
			"rotation": {"angle": -22.5, "axis": "y", "origin": [-1, 14, 6]},
			"color": 5,
			"faces": {
				"north": {"uv": [0, 0, 1, 2], "texture": "#missing"},
				"east": {"uv": [0, 0, 1, 2], "texture": "#missing"},
				"south": {"uv": [0, 0, 1, 2], "texture": "#missing"},
				"west": {"uv": [0, 0, 1, 2], "texture": "#missing"},
				"up": {"uv": [0, 0, 1, 1], "texture": "#missing"},
				"down": {"uv": [0, 0, 1, 1], "texture": "#missing"}
			}
		},
		{
			"from": [1, 15, 0.5],
			"to": [2, 15.5, 2.5],
			"rotation": {"angle": 0, "axis": "y", "origin": [1, 16, 0]},
			"faces": {
				"north": {"uv": [0, 0, 1, 0.5], "texture": "#8"},
				"east": {"uv": [0, 0, 2, 0.5], "texture": "#8"},
				"south": {"uv": [0, 0, 1, 0.5], "texture": "#8"},
				"west": {"uv": [0, 0, 2, 0.5], "texture": "#8"},
				"up": {"uv": [0, 0, 1, 2], "texture": "#8"},
				"down": {"uv": [0, 0, 1, 2], "texture": "#8"}
			}
		},
		{
			"from": [-1, 15, 0.5],
			"to": [0, 15.5, 2.5],
			"rotation": {"angle": 0, "axis": "y", "origin": [-1, 16, 0]},
			"faces": {
				"north": {"uv": [0, 0, 1, 0.5], "texture": "#8"},
				"east": {"uv": [0, 0, 2, 0.5], "texture": "#8"},
				"south": {"uv": [0, 0, 1, 0.5], "texture": "#8"},
				"west": {"uv": [0, 0, 2, 0.5], "texture": "#8"},
				"up": {"uv": [0, 0, 1, 2], "texture": "#8"},
				"down": {"uv": [0, 0, 1, 2], "texture": "#8"}
			}
		},
		{
			"from": [0, 15, -0.5],
			"to": [1, 15.5, 0.5],
			"rotation": {"angle": 0, "axis": "y", "origin": [0, 16, -1]},
			"faces": {
				"north": {"uv": [0, 0, 1, 0.5], "texture": "#8"},
				"east": {"uv": [0, 0, 1, 0.5], "texture": "#8"},
				"south": {"uv": [0, 0, 1, 0.5], "texture": "#8"},
				"west": {"uv": [0, 0, 1, 0.5], "texture": "#8"},
				"up": {"uv": [0, 0, 1, 1], "texture": "#8"},
				"down": {"uv": [0, 0, 1, 1], "texture": "#8"}
			}
		},
		{
			"from": [1, 14, -2],
			"to": [2, 15, 0],
			"rotation": {"angle": -22.5, "axis": "x", "origin": [1, 15, -1]},
			"faces": {
				"north": {"uv": [0, 0, 1, 1], "texture": "#8"},
				"east": {"uv": [0, 0, 2, 1], "texture": "#8"},
				"south": {"uv": [0, 0, 1, 1], "texture": "#8"},
				"west": {"uv": [0, 0, 2, 1], "texture": "#8"},
				"up": {"uv": [0, 0, 1, 2], "texture": "#8"},
				"down": {"uv": [0, 0, 1, 2], "texture": "#8"}
			}
		},
		{
			"from": [-1, 14, -2],
			"to": [0, 15, 0],
			"rotation": {"angle": -22.5, "axis": "x", "origin": [-1, 15, -1]},
			"faces": {
				"north": {"uv": [0, 0, 1, 1], "texture": "#8"},
				"east": {"uv": [0, 0, 2, 1], "texture": "#8"},
				"south": {"uv": [0, 0, 1, 1], "texture": "#8"},
				"west": {"uv": [0, 0, 2, 1], "texture": "#8"},
				"up": {"uv": [0, 0, 1, 2], "texture": "#8"},
				"down": {"uv": [0, 0, 1, 2], "texture": "#8"}
			}
		},
		{
			"from": [0, 13.5, -1.5],
			"to": [1, 14.5, -0.5],
			"rotation": {"angle": 22.5, "axis": "x", "origin": [0, 15, -3]},
			"faces": {
				"north": {"uv": [0, 0, 1, 1], "texture": "#8"},
				"east": {"uv": [0, 0, 1, 1], "texture": "#8"},
				"south": {"uv": [0, 0, 1, 1], "texture": "#8"},
				"west": {"uv": [0, 0, 1, 1], "texture": "#8"},
				"up": {"uv": [0, 0, 1, 1], "texture": "#8"},
				"down": {"uv": [0, 0, 1, 1], "texture": "#8"}
			}
		},
		{
			"from": [1, 11.5, -2],
			"to": [2, 13.5, -1],
			"rotation": {"angle": 0, "axis": "y", "origin": [1, 13, -2]},
			"faces": {
				"north": {"uv": [0, 0, 1, 2], "rotation": 180, "texture": "#8"},
				"east": {"uv": [0, 0, 2, 1], "rotation": 90, "texture": "#8"},
				"south": {"uv": [0, 0, 1, 2], "texture": "#8"},
				"west": {"uv": [0, 0, 2, 1], "rotation": 270, "texture": "#8"},
				"up": {"uv": [0, 0, 1, 1], "texture": "#8"},
				"down": {"uv": [0, 0, 1, 1], "rotation": 180, "texture": "#8"}
			}
		},
		{
			"from": [-1, 11.5, -2],
			"to": [0, 13.5, -1],
			"rotation": {"angle": 0, "axis": "y", "origin": [-1, 13, -2]},
			"faces": {
				"north": {"uv": [0, 0, 1, 2], "rotation": 180, "texture": "#8"},
				"east": {"uv": [0, 0, 2, 1], "rotation": 90, "texture": "#8"},
				"south": {"uv": [0, 0, 1, 2], "texture": "#8"},
				"west": {"uv": [0, 0, 2, 1], "rotation": 270, "texture": "#8"},
				"up": {"uv": [0, 0, 1, 1], "texture": "#8"},
				"down": {"uv": [0, 0, 1, 1], "rotation": 180, "texture": "#8"}
			}
		},
		{
			"from": [0, 10.5, -2],
			"to": [1, 11.5, -1],
			"rotation": {"angle": 0, "axis": "y", "origin": [0, 11, -2]},
			"faces": {
				"north": {"uv": [0, 0, 1, 1], "rotation": 180, "texture": "#8"},
				"east": {"uv": [0, 0, 1, 1], "rotation": 90, "texture": "#8"},
				"south": {"uv": [0, 0, 1, 1], "texture": "#8"},
				"west": {"uv": [0, 0, 1, 1], "rotation": 270, "texture": "#8"},
				"up": {"uv": [0, 0, 1, 1], "texture": "#8"},
				"down": {"uv": [0, 0, 1, 1], "rotation": 180, "texture": "#8"}
			}
		},
		{
			"from": [1, 8.5, -2],
			"to": [2, 10.5, -1],
			"rotation": {"angle": 0, "axis": "y", "origin": [1, 10, -2]},
			"faces": {
				"north": {"uv": [0, 0, 1, 2], "rotation": 180, "texture": "#8"},
				"east": {"uv": [0, 0, 2, 1], "rotation": 90, "texture": "#8"},
				"south": {"uv": [0, 0, 1, 2], "texture": "#8"},
				"west": {"uv": [0, 0, 2, 1], "rotation": 270, "texture": "#8"},
				"up": {"uv": [0, 0, 1, 1], "texture": "#8"},
				"down": {"uv": [0, 0, 1, 1], "rotation": 180, "texture": "#8"}
			}
		},
		{
			"from": [-1, 8.5, -2],
			"to": [0, 10.5, -1],
			"rotation": {"angle": 0, "axis": "y", "origin": [-1, 10, -2]},
			"faces": {
				"north": {"uv": [0, 0, 1, 2], "rotation": 180, "texture": "#8"},
				"east": {"uv": [0, 0, 2, 1], "rotation": 90, "texture": "#8"},
				"south": {"uv": [0, 0, 1, 2], "texture": "#8"},
				"west": {"uv": [0, 0, 2, 1], "rotation": 270, "texture": "#8"},
				"up": {"uv": [0, 0, 1, 1], "texture": "#8"},
				"down": {"uv": [0, 0, 1, 1], "rotation": 180, "texture": "#8"}
			}
		},
		{
			"from": [0, 7.5, -2],
			"to": [1, 8.5, -1],
			"rotation": {"angle": 0, "axis": "y", "origin": [0, 8, -2]},
			"faces": {
				"north": {"uv": [0, 0, 1, 1], "rotation": 180, "texture": "#8"},
				"east": {"uv": [0, 0, 1, 1], "rotation": 90, "texture": "#8"},
				"south": {"uv": [0, 0, 1, 1], "texture": "#8"},
				"west": {"uv": [0, 0, 1, 1], "rotation": 270, "texture": "#8"},
				"up": {"uv": [0, 0, 1, 1], "texture": "#8"},
				"down": {"uv": [0, 0, 1, 1], "rotation": 180, "texture": "#8"}
			}
		},
		{
			"from": [1, 6.5, -2],
			"to": [2, 7.5, -1],
			"rotation": {"angle": 0, "axis": "y", "origin": [1, 7, -2]},
			"faces": {
				"north": {"uv": [0, 0, 1, 1], "rotation": 180, "texture": "#8"},
				"east": {"uv": [0, 0, 1, 1], "rotation": 90, "texture": "#8"},
				"south": {"uv": [0, 0, 1, 1], "texture": "#8"},
				"west": {"uv": [0, 0, 1, 1], "rotation": 270, "texture": "#8"},
				"up": {"uv": [0, 0, 1, 1], "texture": "#8"},
				"down": {"uv": [0, 0, 1, 1], "rotation": 180, "texture": "#8"}
			}
		},
		{
			"from": [-1, 5.5, -2],
			"to": [0, 7.5, -1],
			"rotation": {"angle": 0, "axis": "y", "origin": [-1, 7, -2]},
			"faces": {
				"north": {"uv": [0, 0, 1, 2], "rotation": 180, "texture": "#8"},
				"east": {"uv": [0, 0, 2, 1], "rotation": 90, "texture": "#8"},
				"south": {"uv": [0, 0, 1, 2], "texture": "#8"},
				"west": {"uv": [0, 0, 2, 1], "rotation": 270, "texture": "#8"},
				"up": {"uv": [0, 0, 1, 1], "texture": "#8"},
				"down": {"uv": [0, 0, 1, 1], "rotation": 180, "texture": "#8"}
			}
		},
		{
			"from": [-3, 15, 5],
			"to": [-2, 17, 7],
			"rotation": {"angle": -22.5, "axis": "y", "origin": [-1, 14, 6]},
			"faces": {
				"north": {"uv": [0, 0, 1, 2], "texture": "#13"},
				"east": {"uv": [0, 0, 2, 2], "texture": "#13"},
				"south": {"uv": [0, 0, 1, 2], "texture": "#13"},
				"west": {"uv": [0, 0, 2, 2], "texture": "#13"},
				"up": {"uv": [0, 0, 1, 2], "texture": "#13"},
				"down": {"uv": [0, 0, 1, 2], "texture": "#13"}
			}
		},
		{
			"from": [-2, 15, 4],
			"to": [0, 17, 5],
			"rotation": {"angle": -22.5, "axis": "y", "origin": [-1, 14, 6]},
			"faces": {
				"north": {"uv": [0, 0, 2, 2], "texture": "#13"},
				"east": {"uv": [0, 0, 1, 2], "texture": "#13"},
				"south": {"uv": [0, 0, 2, 2], "texture": "#13"},
				"west": {"uv": [0, 0, 1, 2], "texture": "#13"},
				"up": {"uv": [0, 0, 2, 1], "texture": "#13"},
				"down": {"uv": [0, 0, 2, 1], "texture": "#13"}
			}
		},
		{
			"from": [0, 15, 5],
			"to": [1, 17, 7],
			"rotation": {"angle": -22.5, "axis": "y", "origin": [-1, 14, 6]},
			"faces": {
				"north": {"uv": [0, 0, 1, 2], "texture": "#13"},
				"east": {"uv": [0, 0, 2, 2], "texture": "#13"},
				"south": {"uv": [0, 0, 1, 2], "texture": "#13"},
				"west": {"uv": [0, 0, 2, 2], "texture": "#13"},
				"up": {"uv": [0, 0, 1, 2], "texture": "#13"},
				"down": {"uv": [0, 0, 1, 2], "texture": "#13"}
			}
		},
		{
			"from": [-2, 15, 7],
			"to": [0, 17, 8],
			"rotation": {"angle": -22.5, "axis": "y", "origin": [-1, 14, 6]},
			"faces": {
				"north": {"uv": [0, 0, 2, 2], "texture": "#13"},
				"east": {"uv": [0, 0, 1, 2], "texture": "#13"},
				"south": {"uv": [0, 0, 2, 2], "texture": "#13"},
				"west": {"uv": [0, 0, 1, 2], "texture": "#13"},
				"up": {"uv": [0, 0, 2, 1], "texture": "#13"},
				"down": {"uv": [0, 0, 2, 1], "texture": "#13"}
			}
		},
		{
			"from": [18, 16, 2],
			"to": [20, 18, 3],
			"rotation": {"angle": 45, "axis": "x", "origin": [19, 15, 4]},
			"faces": {
				"north": {"uv": [0, 0, 2, 2], "texture": "#13"},
				"east": {"uv": [0, 0, 1, 2], "texture": "#13"},
				"south": {"uv": [0, 0, 2, 2], "texture": "#13"},
				"west": {"uv": [0, 0, 1, 2], "texture": "#13"},
				"up": {"uv": [0, 0, 2, 1], "texture": "#13"},
				"down": {"uv": [0, 0, 2, 1], "texture": "#13"}
			}
		},
		{
			"from": [17, 16, 3],
			"to": [18, 18, 5],
			"rotation": {"angle": 45, "axis": "x", "origin": [19, 15, 4]},
			"faces": {
				"north": {"uv": [0, 0, 1, 2], "texture": "#13"},
				"east": {"uv": [0, 0, 2, 2], "texture": "#13"},
				"south": {"uv": [0, 0, 1, 2], "texture": "#13"},
				"west": {"uv": [0, 0, 2, 2], "texture": "#13"},
				"up": {"uv": [0, 0, 1, 2], "texture": "#13"},
				"down": {"uv": [0, 0, 1, 2], "texture": "#13"}
			}
		},
		{
			"from": [20, 16, 3],
			"to": [21, 18, 5],
			"rotation": {"angle": 45, "axis": "x", "origin": [19, 15, 4]},
			"faces": {
				"north": {"uv": [0, 0, 1, 2], "texture": "#13"},
				"east": {"uv": [0, 0, 2, 2], "texture": "#13"},
				"south": {"uv": [0, 0, 1, 2], "texture": "#13"},
				"west": {"uv": [0, 0, 2, 2], "texture": "#13"},
				"up": {"uv": [0, 0, 1, 2], "texture": "#13"},
				"down": {"uv": [0, 0, 1, 2], "texture": "#13"}
			}
		},
		{
			"from": [10, 15, 0],
			"to": [12, 17, 1],
			"rotation": {"angle": -22.5, "axis": "z", "origin": [13, 16, 2]},
			"faces": {
				"north": {"uv": [0, 0, 2, 2], "rotation": 90, "texture": "#13"},
				"east": {"uv": [0, 0, 2, 1], "rotation": 270, "texture": "#13"},
				"south": {"uv": [0, 0, 2, 2], "rotation": 270, "texture": "#13"},
				"west": {"uv": [0, 0, 2, 1], "rotation": 270, "texture": "#13"},
				"up": {"uv": [0, 0, 1, 2], "rotation": 270, "texture": "#13"},
				"down": {"uv": [0, 0, 1, 2], "rotation": 270, "texture": "#13"}
			}
		},
		{
			"from": [10, 14, 1],
			"to": [12, 15, 3],
			"rotation": {"angle": -22.5, "axis": "z", "origin": [13, 16, 2]},
			"faces": {
				"north": {"uv": [0, 0, 1, 2], "rotation": 90, "texture": "#13"},
				"east": {"uv": [0, 0, 1, 2], "rotation": 270, "texture": "#13"},
				"south": {"uv": [0, 0, 1, 2], "rotation": 270, "texture": "#13"},
				"west": {"uv": [0, 0, 1, 2], "rotation": 270, "texture": "#13"},
				"up": {"uv": [0, 0, 2, 2], "rotation": 270, "texture": "#13"},
				"down": {"uv": [0, 0, 2, 2], "rotation": 270, "texture": "#13"}
			}
		},
		{
			"from": [10, 15, 3],
			"to": [12, 17, 4],
			"rotation": {"angle": -22.5, "axis": "z", "origin": [13, 16, 2]},
			"faces": {
				"north": {"uv": [0, 0, 2, 2], "rotation": 90, "texture": "#13"},
				"east": {"uv": [0, 0, 2, 1], "rotation": 270, "texture": "#13"},
				"south": {"uv": [0, 0, 2, 2], "rotation": 270, "texture": "#13"},
				"west": {"uv": [0, 0, 2, 1], "rotation": 270, "texture": "#13"},
				"up": {"uv": [0, 0, 1, 2], "rotation": 270, "texture": "#13"},
				"down": {"uv": [0, 0, 1, 2], "rotation": 270, "texture": "#13"}
			}
		},
		{
			"from": [10, 17, 1],
			"to": [12, 18, 3],
			"rotation": {"angle": -22.5, "axis": "z", "origin": [13, 16, 2]},
			"faces": {
				"north": {"uv": [0, 0, 1, 2], "rotation": 90, "texture": "#13"},
				"east": {"uv": [0, 0, 1, 2], "rotation": 270, "texture": "#13"},
				"south": {"uv": [0, 0, 1, 2], "rotation": 270, "texture": "#13"},
				"west": {"uv": [0, 0, 1, 2], "rotation": 270, "texture": "#13"},
				"up": {"uv": [0, 0, 2, 2], "rotation": 270, "texture": "#13"},
				"down": {"uv": [0, 0, 2, 2], "rotation": 270, "texture": "#13"}
			}
		},
		{
			"from": [13, 15.5, 1.5],
			"to": [15, 16.5, 2.5],
			"rotation": {"angle": -22.5, "axis": "z", "origin": [13, 16, 2]},
			"faces": {
				"north": {"uv": [0, 0, 1, 2], "rotation": 90, "texture": "#13"},
				"east": {"uv": [0, 0, 1, 1], "rotation": 270, "texture": "#13"},
				"south": {"uv": [0, 0, 1, 2], "rotation": 270, "texture": "#13"},
				"west": {"uv": [0, 0, 1, 1], "rotation": 270, "texture": "#13"},
				"up": {"uv": [0, 0, 1, 2], "rotation": 270, "texture": "#13"},
				"down": {"uv": [0, 0, 1, 2], "rotation": 270, "texture": "#13"}
			}
		},
		{
			"from": [15, 15, 1],
			"to": [16, 17, 3],
			"rotation": {"angle": -22.5, "axis": "z", "origin": [13, 16, 2]},
			"faces": {
				"north": {"uv": [0, 0, 2, 1], "rotation": 90, "texture": "#13"},
				"east": {"uv": [0, 0, 2, 2], "rotation": 270, "texture": "#13"},
				"south": {"uv": [0, 0, 2, 1], "rotation": 270, "texture": "#13"},
				"west": {"uv": [0, 0, 2, 2], "rotation": 270, "texture": "#13"},
				"up": {"uv": [0, 0, 2, 1], "rotation": 270, "texture": "#13"},
				"down": {"uv": [0, 0, 2, 1], "rotation": 270, "texture": "#13"}
			}
		},
		{
			"from": [12, 15, 1],
			"to": [13, 17, 3],
			"rotation": {"angle": -22.5, "axis": "z", "origin": [13, 16, 2]},
			"faces": {
				"north": {"uv": [0, 0, 2, 1], "rotation": 90, "texture": "#13"},
				"east": {"uv": [0, 0, 2, 2], "rotation": 270, "texture": "#13"},
				"south": {"uv": [0, 0, 2, 1], "rotation": 270, "texture": "#13"},
				"west": {"uv": [0, 0, 2, 2], "rotation": 270, "texture": "#13"},
				"up": {"uv": [0, 0, 2, 1], "rotation": 270, "texture": "#13"},
				"down": {"uv": [0, 0, 2, 1], "rotation": 270, "texture": "#13"}
			}
		},
		{
			"from": [18, 15, 3],
			"to": [20, 16, 5],
			"rotation": {"angle": 45, "axis": "x", "origin": [19, 15, 4]},
			"faces": {
				"north": {"uv": [0, 0, 2, 1], "texture": "#13"},
				"east": {"uv": [0, 0, 2, 1], "texture": "#13"},
				"south": {"uv": [0, 0, 2, 1], "texture": "#13"},
				"west": {"uv": [0, 0, 2, 1], "texture": "#13"},
				"up": {"uv": [0, 0, 2, 2], "texture": "#13"},
				"down": {"uv": [0, 0, 2, 2], "texture": "#13"}
			}
		},
		{
			"from": [9, 15, 8],
			"to": [10, 17, 10],
			"rotation": {"angle": 45, "axis": "y", "origin": [8, 14, 9]},
			"faces": {
				"north": {"uv": [0, 0, 1, 2], "texture": "#13"},
				"east": {"uv": [0, 0, 2, 2], "texture": "#13"},
				"south": {"uv": [0, 0, 1, 2], "texture": "#13"},
				"west": {"uv": [0, 0, 2, 2], "texture": "#13"},
				"up": {"uv": [0, 0, 1, 2], "texture": "#13"},
				"down": {"uv": [0, 0, 1, 2], "texture": "#13"}
			}
		},
		{
			"from": [7, 15, 7],
			"to": [9, 17, 8],
			"rotation": {"angle": 45, "axis": "y", "origin": [8, 14, 9]},
			"faces": {
				"north": {"uv": [0, 0, 2, 2], "texture": "#13"},
				"east": {"uv": [0, 0, 1, 2], "texture": "#13"},
				"south": {"uv": [0, 0, 2, 2], "texture": "#13"},
				"west": {"uv": [0, 0, 1, 2], "texture": "#13"},
				"up": {"uv": [0, 0, 2, 1], "texture": "#13"},
				"down": {"uv": [0, 0, 2, 1], "texture": "#13"}
			}
		},
		{
			"from": [6, 15, 8],
			"to": [7, 17, 10],
			"rotation": {"angle": 45, "axis": "y", "origin": [8, 14, 9]},
			"color": 5,
			"faces": {
				"north": {"uv": [0, 0, 1, 2], "texture": "#missing"},
				"east": {"uv": [0, 0, 2, 2], "texture": "#missing"},
				"south": {"uv": [0, 0, 1, 2], "texture": "#missing"},
				"west": {"uv": [0, 0, 2, 2], "texture": "#missing"},
				"up": {"uv": [0, 0, 1, 2], "texture": "#missing"},
				"down": {"uv": [0, 0, 1, 2], "texture": "#missing"}
			}
		},
		{
			"from": [18, 16, 5],
			"to": [20, 18, 6],
			"rotation": {"angle": 45, "axis": "x", "origin": [19, 15, 4]},
			"color": 5,
			"faces": {
				"north": {"uv": [0, 0, 2, 2], "texture": "#missing"},
				"east": {"uv": [0, 0, 1, 2], "texture": "#missing"},
				"south": {"uv": [0, 0, 2, 2], "texture": "#missing"},
				"west": {"uv": [0, 0, 1, 2], "texture": "#missing"},
				"up": {"uv": [0, 0, 2, 1], "texture": "#missing"},
				"down": {"uv": [0, 0, 2, 1], "texture": "#missing"}
			}
		},
		{
			"from": [7, 15, 10],
			"to": [9, 17, 11],
			"rotation": {"angle": 45, "axis": "y", "origin": [8, 14, 9]},
			"color": 5,
			"faces": {
				"north": {"uv": [0, 0, 2, 2], "texture": "#missing"},
				"east": {"uv": [0, 0, 1, 2], "texture": "#missing"},
				"south": {"uv": [0, 0, 2, 2], "texture": "#missing"},
				"west": {"uv": [0, 0, 1, 2], "texture": "#missing"},
				"up": {"uv": [0, 0, 2, 1], "texture": "#missing"},
				"down": {"uv": [0, 0, 2, 1], "texture": "#missing"}
			}
		},
		{
			"from": [-3.5, 15, 1],
			"to": [-2.5, 16, 5],
			"rotation": {"angle": 22.5, "axis": "y", "origin": [-3, 16, 3]},
			"faces": {
				"north": {"uv": [0, 0, 1, 1], "rotation": 270, "texture": "#14"},
				"east": {"uv": [0, 0, 1, 4], "rotation": 90, "texture": "#14"},
				"south": {"uv": [0, 0, 1, 1], "rotation": 270, "texture": "#14"},
				"west": {"uv": [0, 0, 1, 4], "rotation": 270, "texture": "#14"},
				"up": {"uv": [0, 0, 1, 4], "texture": "#14"},
				"down": {"uv": [0, 0, 1, 4], "rotation": 180, "texture": "#14"}
			}
		},
		{
			"from": [-2.5, 15, 2],
			"to": [-1.5, 16, 4],
			"rotation": {"angle": 22.5, "axis": "y", "origin": [-3, 16, 3]},
			"faces": {
				"north": {"uv": [0, 0, 1, 1], "rotation": 270, "texture": "#14"},
				"east": {"uv": [0, 0, 1, 2], "rotation": 90, "texture": "#14"},
				"south": {"uv": [0, 0, 1, 1], "rotation": 270, "texture": "#14"},
				"west": {"uv": [0, 0, 1, 2], "rotation": 270, "texture": "#14"},
				"up": {"uv": [0, 0, 1, 2], "texture": "#14"},
				"down": {"uv": [0, 0, 1, 2], "rotation": 180, "texture": "#14"}
			}
		},
		{
			"from": [-3.5, 16, 2],
			"to": [-2.5, 16.5, 4],
			"rotation": {"angle": 22.5, "axis": "y", "origin": [-3, 16, 3]},
			"faces": {
				"north": {"uv": [0, 0, 0.5, 1], "rotation": 270, "texture": "#14"},
				"east": {"uv": [0, 0, 0.5, 2], "rotation": 90, "texture": "#14"},
				"south": {"uv": [0, 0, 0.5, 1], "rotation": 270, "texture": "#14"},
				"west": {"uv": [0, 0, 0.5, 2], "rotation": 270, "texture": "#14"},
				"up": {"uv": [0, 0, 1, 2], "texture": "#14"},
				"down": {"uv": [0, 0, 1, 2], "rotation": 180, "texture": "#14"}
			}
		},
		{
			"from": [-4.5, 15, 2],
			"to": [-3.5, 16, 4],
			"rotation": {"angle": 22.5, "axis": "y", "origin": [-3, 16, 3]},
			"faces": {
				"north": {"uv": [0, 0, 1, 1], "rotation": 270, "texture": "#14"},
				"east": {"uv": [0, 0, 1, 2], "rotation": 90, "texture": "#14"},
				"south": {"uv": [0, 0, 1, 1], "rotation": 270, "texture": "#14"},
				"west": {"uv": [0, 0, 1, 2], "rotation": 270, "texture": "#14"},
				"up": {"uv": [0, 0, 1, 2], "texture": "#14"},
				"down": {"uv": [0, 0, 1, 2], "rotation": 180, "texture": "#14"}
			}
		},
		{
			"from": [18.5, 15, 0],
			"to": [19.5, 16, 2],
			"rotation": {"angle": -22.5, "axis": "y", "origin": [20, 16, 1]},
			"faces": {
				"north": {"uv": [0, 0, 1, 1], "rotation": 270, "texture": "#14"},
				"east": {"uv": [0, 0, 1, 2], "rotation": 90, "texture": "#14"},
				"south": {"uv": [0, 0, 1, 1], "rotation": 270, "texture": "#14"},
				"west": {"uv": [0, 0, 1, 2], "rotation": 270, "texture": "#14"},
				"up": {"uv": [0, 0, 1, 2], "texture": "#14"},
				"down": {"uv": [0, 0, 1, 2], "rotation": 180, "texture": "#14"}
			}
		},
		{
			"from": [19.5, 15, -1],
			"to": [20.5, 16, 3],
			"rotation": {"angle": -22.5, "axis": "y", "origin": [20, 16, 1]},
			"faces": {
				"north": {"uv": [0, 0, 1, 1], "rotation": 270, "texture": "#14"},
				"east": {"uv": [0, 0, 1, 4], "rotation": 90, "texture": "#14"},
				"south": {"uv": [0, 0, 1, 1], "rotation": 270, "texture": "#14"},
				"west": {"uv": [0, 0, 1, 4], "rotation": 270, "texture": "#14"},
				"up": {"uv": [0, 0, 1, 4], "texture": "#14"},
				"down": {"uv": [0, 0, 1, 4], "rotation": 180, "texture": "#14"}
			}
		},
		{
			"from": [19.5, 16, 0],
			"to": [20.5, 16.5, 2],
			"rotation": {"angle": -22.5, "axis": "y", "origin": [20, 16, 1]},
			"faces": {
				"north": {"uv": [0, 0, 0.5, 1], "rotation": 270, "texture": "#14"},
				"east": {"uv": [0, 0, 0.5, 2], "rotation": 90, "texture": "#14"},
				"south": {"uv": [0, 0, 0.5, 1], "rotation": 270, "texture": "#14"},
				"west": {"uv": [0, 0, 0.5, 2], "rotation": 270, "texture": "#14"},
				"up": {"uv": [0, 0, 1, 2], "texture": "#14"},
				"down": {"uv": [0, 0, 1, 2], "rotation": 180, "texture": "#14"}
			}
		},
		{
			"from": [20.5, 15, 0],
			"to": [21.5, 16, 2],
			"rotation": {"angle": -22.5, "axis": "y", "origin": [20, 16, 1]},
			"faces": {
				"north": {"uv": [0, 0, 1, 1], "rotation": 270, "texture": "#14"},
				"east": {"uv": [0, 0, 1, 2], "rotation": 90, "texture": "#14"},
				"south": {"uv": [0, 0, 1, 1], "rotation": 270, "texture": "#14"},
				"west": {"uv": [0, 0, 1, 2], "rotation": 270, "texture": "#14"},
				"up": {"uv": [0, 0, 1, 2], "texture": "#14"},
				"down": {"uv": [0, 0, 1, 2], "rotation": 180, "texture": "#14"}
			}
		},
		{
			"from": [1.5, 15, 8],
			"to": [2.5, 16, 10],
			"rotation": {"angle": 22.5, "axis": "x", "origin": [3, 16, 9]},
			"faces": {
				"north": {"uv": [0, 0, 1, 1], "rotation": 270, "texture": "#14"},
				"east": {"uv": [0, 0, 1, 2], "rotation": 90, "texture": "#14"},
				"south": {"uv": [0, 0, 1, 1], "rotation": 270, "texture": "#14"},
				"west": {"uv": [0, 0, 1, 2], "rotation": 270, "texture": "#14"},
				"up": {"uv": [0, 0, 1, 2], "texture": "#14"},
				"down": {"uv": [0, 0, 1, 2], "rotation": 180, "texture": "#14"}
			}
		},
		{
			"from": [2.5, 15, 7],
			"to": [3.5, 16, 11],
			"rotation": {"angle": 22.5, "axis": "x", "origin": [3, 16, 9]},
			"faces": {
				"north": {"uv": [0, 0, 1, 1], "rotation": 270, "texture": "#14"},
				"east": {"uv": [0, 0, 1, 4], "rotation": 90, "texture": "#14"},
				"south": {"uv": [0, 0, 1, 1], "rotation": 270, "texture": "#14"},
				"west": {"uv": [0, 0, 1, 4], "rotation": 270, "texture": "#14"},
				"up": {"uv": [0, 0, 1, 4], "texture": "#14"},
				"down": {"uv": [0, 0, 1, 4], "rotation": 180, "texture": "#14"}
			}
		},
		{
			"from": [3.5, 15, 8],
			"to": [4.5, 16, 10],
			"rotation": {"angle": 22.5, "axis": "x", "origin": [3, 16, 9]},
			"faces": {
				"north": {"uv": [0, 0, 1, 1], "rotation": 270, "texture": "#14"},
				"east": {"uv": [0, 0, 1, 2], "rotation": 90, "texture": "#14"},
				"south": {"uv": [0, 0, 1, 1], "rotation": 270, "texture": "#14"},
				"west": {"uv": [0, 0, 1, 2], "rotation": 270, "texture": "#14"},
				"up": {"uv": [0, 0, 1, 2], "texture": "#14"},
				"down": {"uv": [0, 0, 1, 2], "rotation": 180, "texture": "#14"}
			}
		},
		{
			"from": [2.5, 16, 8],
			"to": [3.5, 16.5, 10],
			"rotation": {"angle": 22.5, "axis": "x", "origin": [3, 16, 9]},
			"faces": {
				"north": {"uv": [0, 0, 0.5, 1], "rotation": 270, "texture": "#14"},
				"east": {"uv": [0, 0, 0.5, 2], "rotation": 90, "texture": "#14"},
				"south": {"uv": [0, 0, 0.5, 1], "rotation": 270, "texture": "#14"},
				"west": {"uv": [0, 0, 0.5, 2], "rotation": 270, "texture": "#14"},
				"up": {"uv": [0, 0, 1, 2], "texture": "#14"},
				"down": {"uv": [0, 0, 1, 2], "rotation": 180, "texture": "#14"}
			}
		},
		{
			"from": [13, 15, 6.5],
			"to": [15, 16, 7.5],
			"rotation": {"angle": -22.5, "axis": "x", "origin": [14, 16, 6]},
			"faces": {
				"north": {"uv": [0, 0, 1, 2], "rotation": 270, "texture": "#14"},
				"east": {"uv": [0, 0, 1, 1], "rotation": 270, "texture": "#14"},
				"south": {"uv": [0, 0, 1, 2], "rotation": 90, "texture": "#14"},
				"west": {"uv": [0, 0, 1, 1], "rotation": 270, "texture": "#14"},
				"up": {"uv": [0, 0, 1, 2], "rotation": 90, "texture": "#14"},
				"down": {"uv": [0, 0, 1, 2], "rotation": 90, "texture": "#14"}
			}
		},
		{
			"from": [13, 16, 5.5],
			"to": [15, 16.5, 6.5],
			"rotation": {"angle": -22.5, "axis": "x", "origin": [14, 16, 6]},
			"faces": {
				"north": {"uv": [0, 0, 0.5, 2], "rotation": 270, "texture": "#14"},
				"east": {"uv": [0, 0, 0.5, 1], "rotation": 270, "texture": "#14"},
				"south": {"uv": [0, 0, 0.5, 2], "rotation": 90, "texture": "#14"},
				"west": {"uv": [0, 0, 0.5, 1], "rotation": 270, "texture": "#14"},
				"up": {"uv": [0, 0, 1, 2], "rotation": 90, "texture": "#14"},
				"down": {"uv": [0, 0, 1, 2], "rotation": 90, "texture": "#14"}
			}
		},
		{
			"from": [12, 15, 5.5],
			"to": [16, 16, 6.5],
			"rotation": {"angle": -22.5, "axis": "x", "origin": [14, 16, 6]},
			"faces": {
				"north": {"uv": [0, 0, 1, 4], "rotation": 270, "texture": "#14"},
				"east": {"uv": [0, 0, 1, 1], "rotation": 270, "texture": "#14"},
				"south": {"uv": [0, 0, 1, 4], "rotation": 90, "texture": "#14"},
				"west": {"uv": [0, 0, 1, 1], "rotation": 270, "texture": "#14"},
				"up": {"uv": [0, 0, 1, 4], "rotation": 90, "texture": "#14"},
				"down": {"uv": [0, 0, 1, 4], "rotation": 90, "texture": "#14"}
			}
		},
		{
			"from": [13, 15, 4.5],
			"to": [15, 16, 5.5],
			"rotation": {"angle": -22.5, "axis": "x", "origin": [14, 16, 6]},
			"faces": {
				"north": {"uv": [0, 0, 1, 2], "rotation": 270, "texture": "#14"},
				"east": {"uv": [0, 0, 1, 1], "rotation": 270, "texture": "#14"},
				"south": {"uv": [0, 0, 1, 2], "rotation": 90, "texture": "#14"},
				"west": {"uv": [0, 0, 1, 1], "rotation": 270, "texture": "#14"},
				"up": {"uv": [0, 0, 1, 2], "rotation": 90, "texture": "#14"},
				"down": {"uv": [0, 0, 1, 2], "rotation": 90, "texture": "#14"}
			}
		},
		{
			"from": [-2, 15, 1],
			"to": [8, 15.5, 2],
			"rotation": {"angle": 0, "axis": "y", "origin": [22, 16, -8]},
			"faces": {
				"north": {"uv": [0, 0, 10, 0.5], "texture": "#8"},
				"east": {"uv": [0, 0, 1, 0.5], "texture": "#8"},
				"south": {"uv": [0, 0, 10, 0.5], "texture": "#missing"},
				"west": {"uv": [0, 0, 1, 0.5], "texture": "#7"},
				"up": {"uv": [0, 0, 10, 1], "texture": "#8"},
				"down": {"uv": [0, 0, 10, 1], "texture": "#missing"}
			}
		},
		{
			"from": [-5, 15, 1],
			"to": [23, 15.1, 14],
			"rotation": {"angle": 0, "axis": "y", "origin": [22, 16, -9]},
			"faces": {
				"north": {"uv": [0, 0, 16, 0.1], "texture": "#missing"},
				"east": {"uv": [0, 0, 13, 0.1], "texture": "#missing"},
				"south": {"uv": [0, 0, 16, 0.1], "texture": "#missing"},
				"west": {"uv": [0, 0, 13, 0.1], "texture": "#missing"},
				"up": {"uv": [0, 0, 16, 13], "texture": "#12"},
				"down": {"uv": [0, 0, 16, 13], "texture": "#missing"}
			}
		},
		{
			"from": [-7, 10, -1.5],
			"to": [-6, 11, -1],
			"rotation": {"angle": 0, "axis": "y", "origin": [1, 18, 6]},
			"faces": {
				"north": {"uv": [0, 0, 1, 1], "texture": "#7"},
				"east": {"uv": [0, 0, 0.5, 1], "texture": "#7"},
				"south": {"uv": [0, 0, 1, 1], "texture": "#7"},
				"west": {"uv": [0, 0, 0.5, 1], "texture": "#7"},
				"up": {"uv": [0, 0, 1, 0.5], "texture": "#7"},
				"down": {"uv": [0, 0, 1, 0.5], "texture": "#7"}
			}
		}
	],
	"display": {
		"thirdperson_righthand": {
			"scale": [0.3, 0.3, 0.3]
		},
		"thirdperson_lefthand": {
			"scale": [0.3, 0.3, 0.3]
		},
		"firstperson_righthand": {
			"scale": [0.3, 0.3, 0.3]
		},
		"firstperson_lefthand": {
			"scale": [0.3, 0.3, 0.3]
		},
		"ground": {
			"translation": [0, -1.75, 0],
			"scale": [0.3, 0.3, 0.3]
		},
		"head": {
			"translation": [-1, 1.25, 0]
		},
		"fixed": {
			"rotation": [-90, 0, 0],
			"translation": [-20, 0, -15],
			"scale": [2, 2, 2]
		}
	},
	"groups": [
		{
			"name": "group",
			"origin": [8, 8, 2],
			"children": [0, 1, 2, 3, 4, 5, 6, 7]
		},
		{
			"name": "group",
			"origin": [8, 27, 11],
			"children": []
		},
		{
			"name": "group",
			"origin": [5, 8, 8],
			"children": [8]
		},
		{
			"name": "group",
			"origin": [4, 25, 23],
			"children": []
		},
		{
			"name": "group",
			"origin": [1, 18, 6],
			"children": [9, 10, 11, 12, 13, 14, 15, 16, 17, 18, 19, 20, 21, 22, 23, 24, 25, 26, 27, 28, 29, 30, 31, 32, 33, 34, 35, 36, 37, 38, 39, 40, 41, 42, 43, 44, 45, 46, 47, 48, 49, 50, 51, 52, 53, 54, 55, 56, 57, 58, 59, 60, 61, 62, 63, 64, 65, 66, 67]
		},
		{
			"name": "group",
			"origin": [8, 23, 20],
			"children": []
		},
		{
			"name": "group",
			"origin": [9, 20, 9],
			"children": [68, 69, 70, 71, 72, 73, 74, 75, 76, 77, 78, 79, 80, 81, 82, 83, 84, 85, 86, 87, 88, 89, 90, 91, 92, 93, 94, 95, 96, 97, 98, 99, 100, 101, 102, 103, 104, 105, 106, 107, 108]
		},
		{
			"name": "group",
			"origin": [9, 20, 9],
			"children": [109, 110, 111]
		},
		{
			"name": "group",
			"origin": [12, 16, 10],
			"children": [112, 113,
				{
					"name": "group",
					"origin": [10, 16, 4],
					"children": [114, 115, 116, 117, 118, 119, 120, 121, 122, 123, 124, 125, 126, 127, 128, 129, 130]
				}, 131, 132, 133, 134, 135, 136, 137, 138, 139, 140, 141,
				{
					"name": "group",
					"origin": [-1, 7, -2],
					"children": [142, 143, 144, 145, 146, 147, 148, 149, 150, 151, 152, 153, 154, 155]
				},
				{
					"name": "group",
					"origin": [8, 14, 9],
					"children": [156, 157, 158, 159, 160, 161, 162, 163, 164, 165, 166, 167, 168, 169, 170, 171, 172]
				}, 173, 174, 175,
				{
					"name": "group",
					"origin": [3, 16, 9],
					"children": [176, 177, 178, 179, 180, 181, 182, 183, 184, 185, 186, 187, 188, 189, 190, 191]
				},
				{
					"name": "group",
					"origin": [0, 16, -1],
					"children": []
				}, 192]
		},
		{
			"name": "group",
			"origin": [22, 16, -9],
			"children": [193]
		}, 194]
}