{
	"credit": "Made with Blockbench",
	"textures": {
		"0": "block/vase1",
		"1": "block/vase2",
		"2": "block/vase3",
		"3": "block/vase4",
		"4": "block/vase5",
		"particle": "block/vase1"
	},
	"elements": [
		{
			"from": [5, 28, 5],
			"to": [11, 28, 11],
			"rotation": {"angle": 0, "axis": "y", "origin": [17, 36, 9]},
			"faces": {
				"north": {"uv": [0, 0, 6, 0], "texture": "#0"},
				"east": {"uv": [0, 0, 6, 0], "texture": "#0"},
				"south": {"uv": [0, 0, 6, 0], "texture": "#0"},
				"west": {"uv": [0, 0, 6, 0], "texture": "#0"},
				"up": {"uv": [0, 0, 6, 6], "texture": "#0"},
				"down": {"uv": [0, 0, 6, 6], "texture": "#0"}
			}
		},
		{
			"from": [11, 0, 5],
			"to": [12, 17, 11],
			"rotation": {"angle": 0, "axis": "y", "origin": [18, 8, 9]},
			"faces": {
				"north": {"uv": [0, 0, 1, 16], "texture": "#1"},
				"east": {"uv": [0, 0, 6, 16], "texture": "#1"},
				"south": {"uv": [0, 0, 1, 16], "texture": "#1"},
				"west": {"uv": [0, 0, 6, 16], "texture": "#missing"},
				"up": {"uv": [0, 0, 1, 6], "texture": "#3"},
				"down": {"uv": [0, 0, 1, 6], "texture": "#1"}
			}
		},
		{
			"from": [5, 0, 11],
			"to": [11, 17, 12],
			"rotation": {"angle": 0, "axis": "y", "origin": [17, 8, 15]},
			"faces": {
				"north": {"uv": [0, 0, 6, 16], "texture": "#missing"},
				"east": {"uv": [0, 0, 1, 16], "texture": "#1"},
				"south": {"uv": [0, 0, 6, 16], "texture": "#1"},
				"west": {"uv": [0, 0, 1, 16], "texture": "#1"},
				"up": {"uv": [0, 0, 6, 1], "texture": "#1"},
				"down": {"uv": [0, 0, 6, 1], "texture": "#1"}
			}
		},
		{
			"from": [4, 0, 5],
			"to": [5, 17, 11],
			"rotation": {"angle": 0, "axis": "y", "origin": [11, 8, 9]},
			"faces": {
				"north": {"uv": [0, 0, 1, 16], "texture": "#1"},
				"east": {"uv": [0, 0, 6, 16], "texture": "#missing"},
				"south": {"uv": [0, 0, 1, 16], "texture": "#1"},
				"west": {"uv": [0, 0, 6, 16], "texture": "#1"},
				"up": {"uv": [0, 0, 1, 6], "texture": "#3"},
				"down": {"uv": [0, 0, 1, 6], "texture": "#1"}
			}
		},
		{
			"from": [5, 0, 4],
			"to": [11, 17, 5],
			"rotation": {"angle": 0, "axis": "y", "origin": [17, 8, 8]},
			"faces": {
				"north": {"uv": [0, 0, 6, 16], "texture": "#1"},
				"east": {"uv": [0, 0, 1, 16], "texture": "#1"},
				"south": {"uv": [0, 0, 6, 16], "texture": "#missing"},
				"west": {"uv": [0, 0, 1, 16], "texture": "#1"},
				"up": {"uv": [0, 0, 6, 1], "texture": "#2"},
				"down": {"uv": [0, 0, 6, 1], "texture": "#1"}
			}
		},
		{
			"from": [5, 9, 14],
			"to": [11, 15, 15],
			"rotation": {"angle": 0, "axis": "y", "origin": [7, 8, 21]},
			"faces": {
				"north": {"uv": [0, 0, 6, 6], "texture": "#4"},
				"east": {"uv": [0, 0, 1, 6], "texture": "#4"},
				"south": {"uv": [0, 0, 6, 6], "texture": "#4"},
				"west": {"uv": [0, 0, 1, 6], "texture": "#4"},
				"up": {"uv": [0, 0, 1, 6], "rotation": 90, "texture": "#4"},
				"down": {"uv": [0, 0, 1, 6], "rotation": 270, "texture": "#4"}
			}
		},
		{
			"from": [4, 9, 13],
			"to": [5, 15, 14],
			"rotation": {"angle": 0, "axis": "y", "origin": [12, 17, 21]},
			"faces": {
				"north": {"uv": [0, 0, 1, 6], "texture": "#4"},
				"east": {"uv": [0, 0, 1, 6], "texture": "#4"},
				"south": {"uv": [0, 0, 1, 6], "texture": "#4"},
				"west": {"uv": [0, 0, 1, 6], "texture": "#4"},
				"up": {"uv": [0, 0, 1, 1], "texture": "#4"},
				"down": {"uv": [0, 0, 1, 1], "texture": "#4"}
			}
		},
		{
			"from": [2, 9, 11],
			"to": [3, 15, 12],
			"rotation": {"angle": 0, "axis": "y", "origin": [10, 17, 19]},
			"faces": {
				"north": {"uv": [0, 0, 1, 6], "texture": "#4"},
				"east": {"uv": [0, 0, 1, 6], "texture": "#4"},
				"south": {"uv": [0, 0, 1, 6], "texture": "#4"},
				"west": {"uv": [0, 0, 1, 6], "texture": "#4"},
				"up": {"uv": [0, 0, 1, 1], "texture": "#4"},
				"down": {"uv": [0, 0, 1, 1], "texture": "#4"}
			}
		},
		{
			"from": [1, 9, 5],
			"to": [2, 15, 11],
			"rotation": {"angle": 0, "axis": "y", "origin": [8, 8, 9]},
			"faces": {
				"north": {"uv": [0, 0, 1, 6], "texture": "#4"},
				"east": {"uv": [0, 0, 6, 6], "texture": "#4"},
				"south": {"uv": [0, 0, 1, 6], "texture": "#4"},
				"west": {"uv": [0, 0, 6, 6], "texture": "#4"},
				"up": {"uv": [0, 0, 1, 6], "texture": "#4"},
				"down": {"uv": [0, 0, 1, 6], "texture": "#4"}
			}
		},
		{
			"from": [4, 9, 2],
			"to": [5, 15, 3],
			"rotation": {"angle": 0, "axis": "y", "origin": [12, 17, 10]},
			"faces": {
				"north": {"uv": [0, 0, 1, 6], "texture": "#4"},
				"east": {"uv": [0, 0, 1, 6], "texture": "#4"},
				"south": {"uv": [0, 0, 1, 6], "texture": "#4"},
				"west": {"uv": [0, 0, 1, 6], "texture": "#4"},
				"up": {"uv": [0, 0, 1, 1], "texture": "#4"},
				"down": {"uv": [0, 0, 1, 1], "texture": "#4"}
			}
		},
		{
			"from": [2, 9, 4],
			"to": [3, 15, 5],
			"rotation": {"angle": 0, "axis": "y", "origin": [10, 17, 12]},
			"faces": {
				"north": {"uv": [0, 0, 1, 6], "texture": "#4"},
				"east": {"uv": [0, 0, 1, 6], "texture": "#4"},
				"south": {"uv": [0, 0, 1, 6], "texture": "#4"},
				"west": {"uv": [0, 0, 1, 6], "texture": "#4"},
				"up": {"uv": [0, 0, 1, 1], "texture": "#4"},
				"down": {"uv": [0, 0, 1, 1], "texture": "#4"}
			}
		},
		{
			"from": [5, 9, 1],
			"to": [11, 15, 2],
			"rotation": {"angle": 0, "axis": "y", "origin": [7, 8, 8]},
			"faces": {
				"north": {"uv": [0, 0, 6, 6], "texture": "#4"},
				"east": {"uv": [0, 0, 1, 6], "texture": "#4"},
				"south": {"uv": [0, 0, 6, 6], "texture": "#4"},
				"west": {"uv": [0, 0, 1, 6], "texture": "#4"},
				"up": {"uv": [0, 0, 1, 6], "rotation": 90, "texture": "#4"},
				"down": {"uv": [0, 0, 1, 6], "rotation": 270, "texture": "#4"}
			}
		},
		{
			"from": [11, 9, 2],
			"to": [12, 15, 3],
			"rotation": {"angle": 0, "axis": "y", "origin": [19, 17, 10]},
			"faces": {
				"north": {"uv": [0, 0, 1, 6], "texture": "#4"},
				"east": {"uv": [0, 0, 1, 6], "texture": "#4"},
				"south": {"uv": [0, 0, 1, 6], "texture": "#4"},
				"west": {"uv": [0, 0, 1, 6], "texture": "#4"},
				"up": {"uv": [0, 0, 1, 1], "texture": "#4"},
				"down": {"uv": [0, 0, 1, 1], "texture": "#4"}
			}
		},
		{
			"from": [13, 9, 4],
			"to": [14, 15, 5],
			"rotation": {"angle": 0, "axis": "y", "origin": [21, 17, 12]},
			"faces": {
				"north": {"uv": [0, 0, 1, 6], "texture": "#4"},
				"east": {"uv": [0, 0, 1, 6], "texture": "#4"},
				"south": {"uv": [0, 0, 1, 6], "texture": "#4"},
				"west": {"uv": [0, 0, 1, 6], "texture": "#4"},
				"up": {"uv": [0, 0, 1, 1], "texture": "#4"},
				"down": {"uv": [0, 0, 1, 1], "texture": "#4"}
			}
		},
		{
			"from": [14, 9, 5],
			"to": [15, 15, 11],
			"rotation": {"angle": 0, "axis": "y", "origin": [21, 8, 9]},
			"faces": {
				"north": {"uv": [0, 0, 1, 6], "texture": "#4"},
				"east": {"uv": [0, 0, 6, 6], "texture": "#4"},
				"south": {"uv": [0, 0, 1, 6], "texture": "#4"},
				"west": {"uv": [0, 0, 6, 6], "texture": "#4"},
				"up": {"uv": [0, 0, 1, 6], "texture": "#4"},
				"down": {"uv": [0, 0, 1, 6], "texture": "#4"}
			}
		},
		{
			"from": [13, 9, 11],
			"to": [14, 15, 12],
			"rotation": {"angle": 0, "axis": "y", "origin": [21, 17, 19]},
			"faces": {
				"north": {"uv": [0, 0, 1, 6], "texture": "#4"},
				"east": {"uv": [0, 0, 1, 6], "texture": "#4"},
				"south": {"uv": [0, 0, 1, 6], "texture": "#4"},
				"west": {"uv": [0, 0, 1, 6], "texture": "#4"},
				"up": {"uv": [0, 0, 1, 1], "texture": "#4"},
				"down": {"uv": [0, 0, 1, 1], "texture": "#4"}
			}
		},
		{
			"from": [11, 9, 13],
			"to": [12, 15, 14],
			"rotation": {"angle": 0, "axis": "y", "origin": [19, 17, 21]},
			"faces": {
				"north": {"uv": [0, 0, 1, 6], "texture": "#4"},
				"east": {"uv": [0, 0, 1, 6], "texture": "#4"},
				"south": {"uv": [0, 0, 1, 6], "texture": "#4"},
				"west": {"uv": [0, 0, 1, 6], "texture": "#4"},
				"up": {"uv": [0, 0, 1, 1], "texture": "#4"},
				"down": {"uv": [0, 0, 1, 1], "texture": "#4"}
			}
		},
		{
			"from": [5, 3, 12],
			"to": [11, 17, 13],
			"rotation": {"angle": 0, "axis": "y", "origin": [7, 8, 19]},
			"faces": {
				"north": {"uv": [0, 0, 6, 14], "texture": "#1"},
				"east": {"uv": [0, 0, 1, 14], "texture": "#1"},
				"south": {"uv": [0, 0, 6, 14], "texture": "#1"},
				"west": {"uv": [0, 0, 1, 14], "texture": "#1"},
				"up": {"uv": [0, 0, 1, 6], "rotation": 90, "texture": "#1"},
				"down": {"uv": [0, 0, 1, 6], "rotation": 270, "texture": "#1"}
			}
		},
		{
			"from": [12, 3, 5],
			"to": [13, 17, 11],
			"rotation": {"angle": 0, "axis": "y", "origin": [19, 8, 9]},
			"faces": {
				"north": {"uv": [0, 0, 1, 14], "texture": "#1"},
				"east": {"uv": [0, 0, 6, 14], "texture": "#1"},
				"south": {"uv": [0, 0, 1, 14], "texture": "#1"},
				"west": {"uv": [0, 0, 6, 14], "texture": "#1"},
				"up": {"uv": [0, 0, 1, 6], "texture": "#1"},
				"down": {"uv": [0, 0, 1, 6], "texture": "#1"}
			}
		},
		{
			"from": [11, 3, 11],
			"to": [12, 6, 12],
			"rotation": {"angle": 0, "axis": "y", "origin": [19, 11, 19]},
			"faces": {
				"north": {"uv": [0, 0, 1, 3], "texture": "#1"},
				"east": {"uv": [0, 0, 1, 3], "texture": "#1"},
				"south": {"uv": [0, 0, 1, 3], "texture": "#1"},
				"west": {"uv": [0, 0, 1, 3], "texture": "#1"},
				"up": {"uv": [0, 0, 1, 1], "texture": "#1"},
				"down": {"uv": [0, 0, 1, 1], "texture": "#1"}
			}
		},
		{
			"from": [4, 3, 11],
			"to": [5, 6, 12],
			"rotation": {"angle": 0, "axis": "y", "origin": [12, 11, 19]},
			"faces": {
				"north": {"uv": [0, 0, 1, 3], "texture": "#1"},
				"east": {"uv": [0, 0, 1, 3], "texture": "#1"},
				"south": {"uv": [0, 0, 1, 3], "texture": "#1"},
				"west": {"uv": [0, 0, 1, 3], "texture": "#1"},
				"up": {"uv": [0, 0, 1, 1], "texture": "#1"},
				"down": {"uv": [0, 0, 1, 1], "texture": "#1"}
			}
		},
		{
			"from": [3, 3, 5],
			"to": [4, 17, 11],
			"rotation": {"angle": 0, "axis": "y", "origin": [10, 8, 9]},
			"faces": {
				"north": {"uv": [0, 0, 1, 14], "texture": "#1"},
				"east": {"uv": [0, 0, 6, 14], "texture": "#1"},
				"south": {"uv": [0, 0, 1, 14], "texture": "#1"},
				"west": {"uv": [0, 0, 6, 14], "texture": "#1"},
				"up": {"uv": [0, 0, 1, 6], "texture": "#1"},
				"down": {"uv": [0, 0, 1, 6], "texture": "#1"}
			}
		},
		{
			"from": [4, 3, 4],
			"to": [5, 6, 5],
			"rotation": {"angle": 0, "axis": "y", "origin": [12, 11, 12]},
			"faces": {
				"north": {"uv": [0, 0, 1, 3], "texture": "#1"},
				"east": {"uv": [0, 0, 1, 3], "texture": "#1"},
				"south": {"uv": [0, 0, 1, 3], "texture": "#1"},
				"west": {"uv": [0, 0, 1, 3], "texture": "#1"},
				"up": {"uv": [0, 0, 1, 1], "texture": "#1"},
				"down": {"uv": [0, 0, 1, 1], "texture": "#1"}
			}
		},
		{
			"from": [5, 3, 3],
			"to": [11, 17, 4],
			"rotation": {"angle": 0, "axis": "y", "origin": [7, 8, 10]},
			"faces": {
				"north": {"uv": [0, 0, 6, 14], "texture": "#1"},
				"east": {"uv": [0, 0, 1, 14], "texture": "#1"},
				"south": {"uv": [0, 0, 6, 14], "texture": "#1"},
				"west": {"uv": [0, 0, 1, 14], "texture": "#1"},
				"up": {"uv": [0, 0, 1, 6], "rotation": 90, "texture": "#1"},
				"down": {"uv": [0, 0, 1, 6], "rotation": 270, "texture": "#1"}
			}
		},
		{
			"from": [11, 3, 4],
			"to": [12, 6, 5],
			"rotation": {"angle": 0, "axis": "y", "origin": [19, 11, 12]},
			"faces": {
				"north": {"uv": [0, 0, 1, 3], "texture": "#1"},
				"east": {"uv": [0, 0, 1, 3], "texture": "#1"},
				"south": {"uv": [0, 0, 1, 3], "texture": "#1"},
				"west": {"uv": [0, 0, 1, 3], "texture": "#1"},
				"up": {"uv": [0, 0, 1, 1], "texture": "#1"},
				"down": {"uv": [0, 0, 1, 1], "texture": "#1"}
			}
		},
		{
			"from": [4, 16, 4],
			"to": [5, 17, 5],
			"rotation": {"angle": 0, "axis": "y", "origin": [12, 24, 12]},
			"faces": {
				"north": {"uv": [0, 0, 1, 1], "texture": "#1"},
				"east": {"uv": [0, 0, 1, 1], "texture": "#1"},
				"south": {"uv": [0, 0, 1, 1], "texture": "#1"},
				"west": {"uv": [0, 0, 1, 1], "texture": "#1"},
				"up": {"uv": [0, 0, 1, 1], "texture": "#1"},
				"down": {"uv": [0, 0, 1, 1], "texture": "#1"}
			}
		},
		{
			"from": [11, 16, 4],
			"to": [12, 17, 5],
			"rotation": {"angle": 0, "axis": "y", "origin": [19, 24, 12]},
			"faces": {
				"north": {"uv": [0, 0, 1, 1], "texture": "#1"},
				"east": {"uv": [0, 0, 1, 1], "texture": "#1"},
				"south": {"uv": [0, 0, 1, 1], "texture": "#1"},
				"west": {"uv": [0, 0, 1, 1], "texture": "#1"},
				"up": {"uv": [0, 0, 1, 1], "texture": "#1"},
				"down": {"uv": [0, 0, 1, 1], "texture": "#1"}
			}
		},
		{
			"from": [4, 16, 11],
			"to": [5, 17, 12],
			"rotation": {"angle": 0, "axis": "y", "origin": [12, 24, 19]},
			"faces": {
				"north": {"uv": [0, 0, 1, 1], "texture": "#1"},
				"east": {"uv": [0, 0, 1, 1], "texture": "#1"},
				"south": {"uv": [0, 0, 1, 1], "texture": "#1"},
				"west": {"uv": [0, 0, 1, 1], "texture": "#1"},
				"up": {"uv": [0, 0, 1, 1], "texture": "#1"},
				"down": {"uv": [0, 0, 1, 1], "texture": "#1"}
			}
		},
		{
			"from": [11, 16, 11],
			"to": [12, 17, 12],
			"rotation": {"angle": 0, "axis": "y", "origin": [19, 24, 19]},
			"faces": {
				"north": {"uv": [0, 0, 1, 1], "texture": "#1"},
				"east": {"uv": [0, 0, 1, 1], "texture": "#1"},
				"south": {"uv": [0, 0, 1, 1], "texture": "#1"},
				"west": {"uv": [0, 0, 1, 1], "texture": "#1"},
				"up": {"uv": [0, 0, 1, 1], "texture": "#1"},
				"down": {"uv": [0, 0, 1, 1], "texture": "#1"}
			}
		},
		{
			"from": [13, 6, 5],
			"to": [14, 16, 11],
			"rotation": {"angle": 0, "axis": "y", "origin": [20, 8, 9]},
			"faces": {
				"north": {"uv": [0, 0, 1, 10], "texture": "#2"},
				"east": {"uv": [0, 0, 6, 10], "texture": "#2"},
				"south": {"uv": [0, 0, 1, 10], "texture": "#2"},
				"west": {"uv": [0, 0, 6, 10], "texture": "#2"},
				"up": {"uv": [0, 0, 1, 6], "texture": "#1"},
				"down": {"uv": [0, 0, 1, 6], "texture": "#2"}
			}
		},
		{
			"from": [11, 6, 11],
			"to": [13, 16, 13],
			"rotation": {"angle": 0, "axis": "y", "origin": [20, 14, 20]},
			"faces": {
				"north": {"uv": [0, 0, 2, 10], "texture": "#2"},
				"east": {"uv": [0, 0, 2, 10], "texture": "#2"},
				"south": {"uv": [0, 0, 2, 10], "texture": "#2"},
				"west": {"uv": [0, 0, 2, 10], "texture": "#2"},
				"up": {"uv": [0, 0, 2, 2], "texture": "#1"},
				"down": {"uv": [0, 0, 2, 2], "texture": "#2"}
			}
		},
		{
			"from": [5, 6, 13],
			"to": [11, 16, 14],
			"rotation": {"angle": 0, "axis": "y", "origin": [7, 8, 20]},
			"faces": {
				"north": {"uv": [0, 0, 6, 10], "texture": "#2"},
				"east": {"uv": [0, 0, 1, 10], "texture": "#2"},
				"south": {"uv": [0, 0, 6, 10], "texture": "#2"},
				"west": {"uv": [0, 0, 1, 10], "texture": "#2"},
				"up": {"uv": [0, 0, 1, 6], "rotation": 90, "texture": "#1"},
				"down": {"uv": [0, 0, 1, 6], "rotation": 270, "texture": "#2"}
			}
		},
		{
			"from": [3, 6, 11],
			"to": [5, 16, 13],
			"rotation": {"angle": 0, "axis": "y", "origin": [12, 14, 20]},
			"faces": {
				"north": {"uv": [0, 0, 2, 10], "texture": "#2"},
				"east": {"uv": [0, 0, 2, 10], "texture": "#2"},
				"south": {"uv": [0, 0, 2, 10], "texture": "#2"},
				"west": {"uv": [0, 0, 2, 10], "texture": "#2"},
				"up": {"uv": [0, 0, 2, 2], "texture": "#1"},
				"down": {"uv": [0, 0, 2, 2], "texture": "#2"}
			}
		},
		{
			"from": [2, 6, 5],
			"to": [3, 16, 11],
			"rotation": {"angle": 0, "axis": "y", "origin": [9, 8, 9]},
			"faces": {
				"north": {"uv": [0, 0, 1, 10], "texture": "#2"},
				"east": {"uv": [0, 0, 6, 10], "texture": "#2"},
				"south": {"uv": [0, 0, 1, 10], "texture": "#2"},
				"west": {"uv": [0, 0, 6, 10], "texture": "#2"},
				"up": {"uv": [0, 0, 1, 6], "texture": "#1"},
				"down": {"uv": [0, 0, 1, 6], "texture": "#2"}
			}
		},
		{
			"from": [3, 6, 3],
			"to": [5, 16, 5],
			"rotation": {"angle": 0, "axis": "y", "origin": [12, 14, 12]},
			"faces": {
				"north": {"uv": [0, 0, 2, 10], "texture": "#2"},
				"east": {"uv": [0, 0, 2, 10], "texture": "#2"},
				"south": {"uv": [0, 0, 2, 10], "texture": "#2"},
				"west": {"uv": [0, 0, 2, 10], "texture": "#2"},
				"up": {"uv": [0, 0, 2, 2], "texture": "#1"},
				"down": {"uv": [0, 0, 2, 2], "texture": "#2"}
			}
		},
		{
			"from": [5, 6, 2],
			"to": [11, 16, 3],
			"rotation": {"angle": 0, "axis": "y", "origin": [7, 8, 9]},
			"faces": {
				"north": {"uv": [0, 0, 6, 10], "texture": "#2"},
				"east": {"uv": [0, 0, 1, 10], "texture": "#2"},
				"south": {"uv": [0, 0, 6, 10], "texture": "#2"},
				"west": {"uv": [0, 0, 1, 10], "texture": "#2"},
				"up": {"uv": [0, 0, 1, 6], "rotation": 90, "texture": "#1"},
				"down": {"uv": [0, 0, 1, 6], "rotation": 270, "texture": "#2"}
			}
		},
		{
			"from": [11, 6, 3],
			"to": [13, 16, 5],
			"rotation": {"angle": 0, "axis": "y", "origin": [20, 14, 12]},
			"faces": {
				"north": {"uv": [0, 0, 2, 10], "texture": "#2"},
				"east": {"uv": [0, 0, 2, 10], "texture": "#2"},
				"south": {"uv": [0, 0, 2, 10], "texture": "#2"},
				"west": {"uv": [0, 0, 2, 10], "texture": "#2"},
				"up": {"uv": [0, 0, 2, 2], "texture": "#1"},
				"down": {"uv": [0, 0, 2, 2], "texture": "#2"}
			}
		},
		{
			"from": [4, 17, 6],
			"to": [5, 18, 10],
			"rotation": {"angle": 0, "axis": "y", "origin": [1, 25, 17]},
			"faces": {
				"north": {"uv": [0, 0, 1, 1], "texture": "#3"},
				"east": {"uv": [0, 0, 4, 1], "texture": "#3"},
				"south": {"uv": [0, 0, 1, 1], "texture": "#3"},
				"west": {"uv": [0, 0, 4, 1], "texture": "#3"},
				"up": {"uv": [0, 0, 4, 1], "rotation": 90, "texture": "#3"},
				"down": {"uv": [0, 0, 4, 1], "rotation": 270, "texture": "#3"}
			}
		},
		{
			"from": [4, 19, 7],
			"to": [6, 20, 9],
			"rotation": {"angle": 0, "axis": "y", "origin": [2, 27, 17]},
			"faces": {
				"north": {"uv": [0, 0, 2, 1], "texture": "#3"},
				"east": {"uv": [0, 0, 2, 1], "texture": "#3"},
				"south": {"uv": [0, 0, 2, 1], "texture": "#3"},
				"west": {"uv": [0, 0, 2, 1], "texture": "#3"},
				"up": {"uv": [0, 0, 2, 2], "rotation": 90, "texture": "#3"},
				"down": {"uv": [0, 0, 2, 2], "rotation": 270, "texture": "#3"}
			}
		},
		{
			"from": [2, 16, 7],
			"to": [3, 18, 9],
			"rotation": {"angle": 0, "axis": "y", "origin": [-1, 24, 17]},
			"faces": {
				"north": {"uv": [0, 0, 1, 2], "texture": "#3"},
				"east": {"uv": [0, 0, 2, 2], "texture": "#3"},
				"south": {"uv": [0, 0, 1, 2], "texture": "#3"},
				"west": {"uv": [0, 0, 2, 2], "texture": "#3"},
				"up": {"uv": [0, 0, 2, 1], "rotation": 90, "texture": "#3"},
				"down": {"uv": [0, 0, 2, 1], "rotation": 270, "texture": "#3"}
			}
		},
		{
			"from": [5, 22, 5],
			"to": [11, 24, 11],
			"rotation": {"angle": 0, "axis": "y", "origin": [17, 30, 9]},
			"faces": {
				"north": {"uv": [0, 0, 6, 2], "texture": "#3"},
				"east": {"uv": [0, 0, 6, 2], "texture": "#3"},
				"south": {"uv": [0, 0, 6, 2], "texture": "#3"},
				"west": {"uv": [0, 0, 6, 2], "texture": "#3"},
				"up": {"uv": [0, 0, 6, 6], "texture": "#3"},
				"down": {"uv": [0, 0, 6, 6], "texture": "#3"}
			}
		},
		{
			"from": [6, 19, 6],
			"to": [10, 28, 10],
			"rotation": {"angle": 0, "axis": "y", "origin": [17, 28, 10]},
			"faces": {
				"north": {"uv": [0, 0, 4, 9], "texture": "#3"},
				"east": {"uv": [0, 0, 4, 9], "texture": "#3"},
				"south": {"uv": [0, 0, 4, 9], "texture": "#3"},
				"west": {"uv": [0, 0, 4, 9], "texture": "#3"},
				"up": {"uv": [0, 0, 4, 4], "texture": "#3"},
				"down": {"uv": [0, 0, 4, 4], "texture": "#3"}
			}
		},
		{
			"from": [5, 28, 4],
			"to": [11, 29, 5],
			"rotation": {"angle": 0, "axis": "y", "origin": [17, 36, 8]},
			"faces": {
				"north": {"uv": [0, 0, 6, 1], "texture": "#3"},
				"east": {"uv": [0, 0, 1, 1], "texture": "#3"},
				"south": {"uv": [0, 0, 6, 1], "texture": "#3"},
				"west": {"uv": [0, 0, 1, 1], "texture": "#3"},
				"up": {"uv": [0, 0, 6, 1], "texture": "#3"},
				"down": {"uv": [0, 0, 6, 1], "texture": "#3"}
			}
		},
		{
			"from": [11, 28, 5],
			"to": [12, 29, 11],
			"rotation": {"angle": 0, "axis": "y", "origin": [18, 36, 9]},
			"faces": {
				"north": {"uv": [0, 0, 1, 1], "texture": "#3"},
				"east": {"uv": [0, 0, 6, 1], "texture": "#3"},
				"south": {"uv": [0, 0, 1, 1], "texture": "#3"},
				"west": {"uv": [0, 0, 6, 1], "texture": "#3"},
				"up": {"uv": [0, 0, 1, 6], "texture": "#3"},
				"down": {"uv": [0, 0, 1, 6], "texture": "#3"}
			}
		},
		{
			"from": [10, 27, 6],
			"to": [11, 28, 10],
			"rotation": {"angle": 0, "axis": "y", "origin": [18, 35, 10]},
			"faces": {
				"north": {"uv": [0, 0, 1, 1], "texture": "#3"},
				"east": {"uv": [0, 0, 4, 1], "texture": "#3"},
				"south": {"uv": [0, 0, 1, 1], "texture": "#3"},
				"west": {"uv": [0, 0, 4, 1], "texture": "#3"},
				"up": {"uv": [0, 0, 1, 4], "texture": "#3"},
				"down": {"uv": [0, 0, 1, 4], "texture": "#3"}
			}
		},
		{
			"from": [6, 27, 5],
			"to": [10, 28, 6],
			"rotation": {"angle": 0, "axis": "y", "origin": [17, 35, 9]},
			"faces": {
				"north": {"uv": [0, 0, 4, 1], "texture": "#3"},
				"east": {"uv": [0, 0, 1, 1], "texture": "#3"},
				"south": {"uv": [0, 0, 4, 1], "texture": "#3"},
				"west": {"uv": [0, 0, 1, 1], "texture": "#3"},
				"up": {"uv": [0, 0, 4, 1], "texture": "#3"},
				"down": {"uv": [0, 0, 4, 1], "texture": "#3"}
			}
		},
		{
			"from": [5, 28, 11],
			"to": [11, 29, 12],
			"rotation": {"angle": 0, "axis": "y", "origin": [17, 36, 15]},
			"faces": {
				"north": {"uv": [0, 0, 6, 1], "texture": "#3"},
				"east": {"uv": [0, 0, 1, 1], "texture": "#3"},
				"south": {"uv": [0, 0, 6, 1], "texture": "#3"},
				"west": {"uv": [0, 0, 1, 1], "texture": "#3"},
				"up": {"uv": [0, 0, 6, 1], "texture": "#3"},
				"down": {"uv": [0, 0, 6, 1], "texture": "#3"}
			}
		},
		{
			"from": [6, 27, 10],
			"to": [10, 28, 11],
			"rotation": {"angle": 0, "axis": "y", "origin": [17, 35, 14]},
			"faces": {
				"north": {"uv": [0, 0, 4, 1], "texture": "#3"},
				"east": {"uv": [0, 0, 1, 1], "texture": "#3"},
				"south": {"uv": [0, 0, 4, 1], "texture": "#3"},
				"west": {"uv": [0, 0, 1, 1], "texture": "#3"},
				"up": {"uv": [0, 0, 4, 1], "texture": "#3"},
				"down": {"uv": [0, 0, 4, 1], "texture": "#3"}
			}
		},
		{
			"from": [5, 27, 6],
			"to": [6, 28, 10],
			"rotation": {"angle": 0, "axis": "y", "origin": [13, 35, 10]},
			"faces": {
				"north": {"uv": [0, 0, 1, 1], "texture": "#3"},
				"east": {"uv": [0, 0, 4, 1], "texture": "#3"},
				"south": {"uv": [0, 0, 1, 1], "texture": "#3"},
				"west": {"uv": [0, 0, 4, 1], "texture": "#3"},
				"up": {"uv": [0, 0, 1, 4], "texture": "#3"},
				"down": {"uv": [0, 0, 1, 4], "texture": "#3"}
			}
		},
		{
			"from": [4, 28, 5],
			"to": [5, 29, 11],
			"rotation": {"angle": 0, "axis": "y", "origin": [11, 36, 9]},
			"faces": {
				"north": {"uv": [0, 0, 1, 1], "texture": "#3"},
				"east": {"uv": [0, 0, 6, 1], "texture": "#3"},
				"south": {"uv": [0, 0, 1, 1], "texture": "#3"},
				"west": {"uv": [0, 0, 6, 1], "texture": "#3"},
				"up": {"uv": [0, 0, 1, 6], "texture": "#3"},
				"down": {"uv": [0, 0, 1, 6], "texture": "#3"}
			}
		},
		{
			"from": [7, 19, 5],
			"to": [9, 20, 6],
			"rotation": {"angle": 0, "axis": "y", "origin": [17, 27, 9]},
			"faces": {
				"north": {"uv": [0, 0, 2, 1], "texture": "#3"},
				"east": {"uv": [0, 0, 1, 1], "texture": "#3"},
				"south": {"uv": [0, 0, 2, 1], "texture": "#3"},
				"west": {"uv": [0, 0, 1, 1], "texture": "#3"},
				"up": {"uv": [0, 0, 2, 1], "texture": "#3"},
				"down": {"uv": [0, 0, 2, 1], "texture": "#3"}
			}
		},
		{
			"from": [7, 19, 10],
			"to": [9, 20, 11],
			"rotation": {"angle": 0, "axis": "y", "origin": [17, 27, 14]},
			"faces": {
				"north": {"uv": [0, 0, 2, 1], "texture": "#3"},
				"east": {"uv": [0, 0, 1, 1], "texture": "#3"},
				"south": {"uv": [0, 0, 2, 1], "texture": "#3"},
				"west": {"uv": [0, 0, 1, 1], "texture": "#3"},
				"up": {"uv": [0, 0, 2, 1], "texture": "#3"},
				"down": {"uv": [0, 0, 2, 1], "texture": "#3"}
			}
		},
		{
			"from": [5, 0, 5],
			"to": [11, 19, 11],
			"rotation": {"angle": 0, "axis": "y", "origin": [17, 8, 14]},
			"faces": {
				"north": {"uv": [0, 0, 6, 16], "texture": "#3"},
				"east": {"uv": [0, 0, 6, 16], "texture": "#3"},
				"south": {"uv": [0, 0, 6, 16], "texture": "#3"},
				"west": {"uv": [0, 0, 6, 16], "texture": "#3"},
				"up": {"uv": [0, 0, 6, 6], "texture": "#3"},
				"down": {"uv": [0, 0, 6, 6], "texture": "#3"}
			}
		},
		{
			"from": [6, 17, 4],
			"to": [10, 18, 5],
			"rotation": {"angle": 0, "axis": "y", "origin": [17, 25, 8]},
			"faces": {
				"north": {"uv": [0, 0, 4, 1], "texture": "#3"},
				"east": {"uv": [0, 0, 1, 1], "texture": "#3"},
				"south": {"uv": [0, 0, 4, 1], "texture": "#3"},
				"west": {"uv": [0, 0, 1, 1], "texture": "#3"},
				"up": {"uv": [0, 0, 4, 1], "texture": "#3"},
				"down": {"uv": [0, 0, 4, 1], "texture": "#3"}
			}
		},
		{
			"from": [11, 17, 6],
			"to": [12, 18, 10],
			"rotation": {"angle": 0, "axis": "y", "origin": [8, 25, 17]},
			"faces": {
				"north": {"uv": [0, 0, 1, 1], "texture": "#3"},
				"east": {"uv": [0, 0, 4, 1], "texture": "#3"},
				"south": {"uv": [0, 0, 1, 1], "texture": "#3"},
				"west": {"uv": [0, 0, 4, 1], "texture": "#3"},
				"up": {"uv": [0, 0, 4, 1], "rotation": 90, "texture": "#3"},
				"down": {"uv": [0, 0, 4, 1], "rotation": 270, "texture": "#3"}
			}
		},
		{
			"from": [10, 19, 7],
			"to": [13, 20, 9],
			"rotation": {"angle": 0, "axis": "y", "origin": [7, 27, 17]},
			"faces": {
				"north": {"uv": [0, 0, 3, 1], "texture": "#3"},
				"east": {"uv": [0, 0, 2, 1], "texture": "#3"},
				"south": {"uv": [0, 0, 3, 1], "texture": "#3"},
				"west": {"uv": [0, 0, 2, 1], "texture": "#3"},
				"up": {"uv": [0, 0, 2, 3], "rotation": 90, "texture": "#3"},
				"down": {"uv": [0, 0, 2, 3], "rotation": 270, "texture": "#3"}
			}
		},
		{
			"from": [13, 16, 7],
			"to": [14, 19, 9],
			"rotation": {"angle": 0, "axis": "y", "origin": [10, 25, 17]},
			"faces": {
				"north": {"uv": [0, 0, 1, 3], "texture": "#3"},
				"east": {"uv": [0, 0, 2, 3], "texture": "#3"},
				"south": {"uv": [0, 0, 1, 3], "texture": "#3"},
				"west": {"uv": [0, 0, 2, 3], "texture": "#3"},
				"up": {"uv": [0, 0, 2, 1], "rotation": 90, "texture": "#3"},
				"down": {"uv": [0, 0, 2, 1], "rotation": 270, "texture": "#3"}
			}
		},
		{
			"from": [6, 17, 11],
			"to": [10, 18, 12],
			"rotation": {"angle": 0, "axis": "y", "origin": [17, 25, 15]},
			"faces": {
				"north": {"uv": [0, 0, 4, 1], "texture": "#3"},
				"east": {"uv": [0, 0, 1, 1], "texture": "#3"},
				"south": {"uv": [0, 0, 4, 1], "texture": "#3"},
				"west": {"uv": [0, 0, 1, 1], "texture": "#3"},
				"up": {"uv": [0, 0, 4, 1], "texture": "#3"},
				"down": {"uv": [0, 0, 4, 1], "texture": "#3"}
			}
		},
		{
			"from": [5, 28, 9],
			"to": [7, 29, 11],
			"rotation": {"angle": -22.5, "axis": "x", "origin": [6, 29, 10]},
			"faces": {
				"north": {"uv": [0, 0, 2, 1], "texture": "#0"},
				"east": {"uv": [0, 0, 2, 1], "texture": "#0"},
				"south": {"uv": [0, 0, 2, 1], "texture": "#0"},
				"west": {"uv": [0, 0, 2, 1], "texture": "#0"},
				"up": {"uv": [0, 0, 2, 2], "texture": "#0"},
				"down": {"uv": [0, 0, 2, 2], "texture": "#0"}
			}
		},
		{
			"from": [6, 0, 2],
			"to": [8, 1, 4],
			"rotation": {"angle": -22.5, "axis": "x", "origin": [7, 1, 3]},
			"faces": {
				"north": {"uv": [0, 0, 2, 1], "texture": "#0"},
				"east": {"uv": [0, 0, 2, 1], "texture": "#0"},
				"south": {"uv": [0, 0, 2, 1], "texture": "#0"},
				"west": {"uv": [0, 0, 2, 1], "texture": "#0"},
				"up": {"uv": [0, 0, 2, 2], "texture": "#0"},
				"down": {"uv": [0, 0, 2, 2], "texture": "#0"}
			}
		},
		{
			"from": [11, 0, 2],
			"to": [13, 1, 4],
			"rotation": {"angle": 22.5, "axis": "y", "origin": [12, 1, 3]},
			"faces": {
				"north": {"uv": [0, 0, 2, 1], "texture": "#0"},
				"east": {"uv": [0, 0, 2, 1], "texture": "#0"},
				"south": {"uv": [0, 0, 2, 1], "texture": "#0"},
				"west": {"uv": [0, 0, 2, 1], "texture": "#0"},
				"up": {"uv": [0, 0, 2, 2], "texture": "#0"},
				"down": {"uv": [0, 0, 2, 2], "texture": "#0"}
			}
		},
		{
			"from": [6, 0, 13],
			"to": [8, 1, 15],
			"rotation": {"angle": 22.5, "axis": "y", "origin": [7, 1, 14]},
			"faces": {
				"north": {"uv": [0, 0, 2, 1], "texture": "#0"},
				"east": {"uv": [0, 0, 2, 1], "texture": "#0"},
				"south": {"uv": [0, 0, 2, 1], "texture": "#0"},
				"west": {"uv": [0, 0, 2, 1], "texture": "#0"},
				"up": {"uv": [0, 0, 2, 2], "texture": "#0"},
				"down": {"uv": [0, 0, 2, 2], "texture": "#0"}
			}
		},
		{
			"from": [0, 0, 11],
			"to": [2, 1, 13],
			"rotation": {"angle": -22.5, "axis": "y", "origin": [1, 1, 12]},
			"faces": {
				"north": {"uv": [0, 0, 2, 1], "texture": "#0"},
				"east": {"uv": [0, 0, 2, 1], "texture": "#0"},
				"south": {"uv": [0, 0, 2, 1], "texture": "#0"},
				"west": {"uv": [0, 0, 2, 1], "texture": "#0"},
				"up": {"uv": [0, 0, 2, 2], "texture": "#0"},
				"down": {"uv": [0, 0, 2, 2], "texture": "#0"}
			}
		},
		{
			"from": [13, 0, 12],
			"to": [15, 1, 14],
			"rotation": {"angle": -22.5, "axis": "y", "origin": [14, 1, 13]},
			"faces": {
				"north": {"uv": [0, 0, 2, 1], "texture": "#0"},
				"east": {"uv": [0, 0, 2, 1], "texture": "#0"},
				"south": {"uv": [0, 0, 2, 1], "texture": "#0"},
				"west": {"uv": [0, 0, 2, 1], "texture": "#0"},
				"up": {"uv": [0, 0, 2, 2], "texture": "#0"},
				"down": {"uv": [0, 0, 2, 2], "texture": "#0"}
			}
		},
		{
			"from": [12, 0, 6],
			"to": [13, 2, 8],
			"rotation": {"angle": 22.5, "axis": "z", "origin": [13, 1, 7]},
			"faces": {
				"north": {"uv": [0, 0, 2, 1], "rotation": 270, "texture": "#0"},
				"east": {"uv": [0, 0, 2, 2], "rotation": 90, "texture": "#0"},
				"south": {"uv": [0, 0, 2, 1], "rotation": 90, "texture": "#0"},
				"west": {"uv": [0, 0, 2, 2], "rotation": 90, "texture": "#0"},
				"up": {"uv": [0, 0, 2, 1], "rotation": 90, "texture": "#0"},
				"down": {"uv": [0, 0, 2, 1], "rotation": 90, "texture": "#0"}
			}
		},
		{
			"from": [3, -1, 6],
			"to": [4, 1, 8],
			"rotation": {"angle": -45, "axis": "z", "origin": [4, 0, 7]},
			"faces": {
				"north": {"uv": [0, 0, 2, 1], "rotation": 270, "texture": "#0"},
				"east": {"uv": [0, 0, 2, 2], "rotation": 90, "texture": "#0"},
				"south": {"uv": [0, 0, 2, 1], "rotation": 90, "texture": "#0"},
				"west": {"uv": [0, 0, 2, 2], "rotation": 90, "texture": "#0"},
				"up": {"uv": [0, 0, 2, 1], "rotation": 90, "texture": "#0"},
				"down": {"uv": [0, 0, 2, 1], "rotation": 90, "texture": "#0"}
			}
		},
		{
			"from": [5, 28, 6],
			"to": [7, 29, 8],
			"rotation": {"angle": -45, "axis": "z", "origin": [6, 29, 7]},
			"faces": {
				"north": {"uv": [0, 0, 2, 1], "texture": "#0"},
				"east": {"uv": [0, 0, 2, 1], "texture": "#0"},
				"south": {"uv": [0, 0, 2, 1], "texture": "#0"},
				"west": {"uv": [0, 0, 2, 1], "texture": "#0"},
				"up": {"uv": [0, 0, 2, 2], "texture": "#0"},
				"down": {"uv": [0, 0, 2, 2], "texture": "#0"}
			}
		},
		{
			"from": [8, 28, 8],
			"to": [10, 29, 10],
			"rotation": {"angle": -22.5, "axis": "z", "origin": [9, 29, 9]},
			"faces": {
				"north": {"uv": [0, 0, 2, 1], "texture": "#0"},
				"east": {"uv": [0, 0, 2, 1], "texture": "#0"},
				"south": {"uv": [0, 0, 2, 1], "texture": "#0"},
				"west": {"uv": [0, 0, 2, 1], "texture": "#0"},
				"up": {"uv": [0, 0, 2, 2], "texture": "#0"},
				"down": {"uv": [0, 0, 2, 2], "texture": "#0"}
			}
		},
		{
			"from": [6, 27.5, 8.5],
			"to": [8, 28.5, 10.5],
			"rotation": {"angle": -22.5, "axis": "y", "origin": [7, 29, 10]},
			"faces": {
				"north": {"uv": [0, 0, 2, 1], "texture": "#0"},
				"east": {"uv": [0, 0, 2, 1], "texture": "#0"},
				"south": {"uv": [0, 0, 2, 1], "texture": "#0"},
				"west": {"uv": [0, 0, 2, 1], "texture": "#0"},
				"up": {"uv": [0, 0, 2, 2], "texture": "#0"},
				"down": {"uv": [0, 0, 2, 2], "texture": "#0"}
			}
		},
		{
			"from": [5.5, 27.998, 5],
			"to": [7.5, 28.998, 7],
			"rotation": {"angle": -45, "axis": "y", "origin": [7, 29, 6]},
			"faces": {
				"north": {"uv": [0, 0, 2, 1], "texture": "#0"},
				"east": {"uv": [0, 0, 2, 1], "texture": "#0"},
				"south": {"uv": [0, 0, 2, 1], "texture": "#0"},
				"west": {"uv": [0, 0, 2, 1], "texture": "#0"},
				"up": {"uv": [0, 0, 2, 2], "texture": "#0"},
				"down": {"uv": [0, 0, 2, 2], "texture": "#0"}
			}
		},
		{
			"from": [10, 28, 5],
			"to": [11, 30, 7],
			"rotation": {"angle": -22.5, "axis": "z", "origin": [10, 29, 6]},
			"faces": {
				"north": {"uv": [0, 0, 2, 1], "rotation": 90, "texture": "#0"},
				"east": {"uv": [0, 0, 2, 2], "rotation": 270, "texture": "#0"},
				"south": {"uv": [0, 0, 2, 1], "rotation": 270, "texture": "#0"},
				"west": {"uv": [0, 0, 2, 2], "rotation": 270, "texture": "#0"},
				"up": {"uv": [0, 0, 2, 1], "rotation": 270, "texture": "#0"},
				"down": {"uv": [0, 0, 2, 1], "rotation": 270, "texture": "#0"}
			}
		},
		{
			"from": [9, 28, 7.5],
			"to": [11, 29, 9.5],
			"rotation": {"angle": 22.5, "axis": "z", "origin": [10, 29, 9]},
			"faces": {
				"north": {"uv": [0, 0, 2, 1], "texture": "#0"},
				"east": {"uv": [0, 0, 2, 1], "texture": "#0"},
				"south": {"uv": [0, 0, 2, 1], "texture": "#0"},
				"west": {"uv": [0, 0, 2, 1], "texture": "#0"},
				"up": {"uv": [0, 0, 2, 2], "texture": "#0"},
				"down": {"uv": [0, 0, 2, 2], "texture": "#0"}
			}
		},
		{
			"from": [7, 28, 6],
			"to": [9, 29, 8],
			"rotation": {"angle": -22.5, "axis": "x", "origin": [8, 29, 7]},
			"faces": {
				"north": {"uv": [0, 0, 2, 1], "texture": "#0"},
				"east": {"uv": [0, 0, 2, 1], "texture": "#0"},
				"south": {"uv": [0, 0, 2, 1], "texture": "#0"},
				"west": {"uv": [0, 0, 2, 1], "texture": "#0"},
				"up": {"uv": [0, 0, 2, 2], "texture": "#0"},
				"down": {"uv": [0, 0, 2, 2], "texture": "#0"}
			}
		},
		{
			"from": [8, 28, 5],
			"to": [10, 29, 7],
			"rotation": {"angle": 45, "axis": "x", "origin": [9, 29, 6]},
			"faces": {
				"north": {"uv": [0, 0, 2, 1], "texture": "#0"},
				"east": {"uv": [0, 0, 2, 1], "texture": "#0"},
				"south": {"uv": [0, 0, 2, 1], "texture": "#0"},
				"west": {"uv": [0, 0, 2, 1], "texture": "#0"},
				"up": {"uv": [0, 0, 2, 2], "texture": "#0"},
				"down": {"uv": [0, 0, 2, 2], "texture": "#0"}
			}
		},
		{
			"from": [9, 28, 10],
			"to": [11, 30, 11],
			"rotation": {"angle": 22.5, "axis": "x", "origin": [10, 29, 10]},
			"faces": {
				"north": {"uv": [0, 0, 2, 2], "rotation": 180, "texture": "#0"},
				"east": {"uv": [0, 0, 2, 1], "rotation": 90, "texture": "#0"},
				"south": {"uv": [0, 0, 2, 2], "texture": "#0"},
				"west": {"uv": [0, 0, 2, 1], "rotation": 270, "texture": "#0"},
				"up": {"uv": [0, 0, 2, 1], "texture": "#0"},
				"down": {"uv": [0, 0, 2, 1], "rotation": 180, "texture": "#0"}
			}
		}
	],
	"display": {
		"thirdperson_righthand": {
			"translation": [0, 0, 1],
			"scale": [0.3, 0.3, 0.3]
		},
		"thirdperson_lefthand": {
			"translation": [0, 0, 1],
			"scale": [0.3, 0.3, 0.3]
		},
		"firstperson_righthand": {
			"translation": [0, 0, 3],
			"scale": [0.3, 0.3, 0.3]
		},
		"firstperson_lefthand": {
			"translation": [0, 0, 3],
			"scale": [0.3, 0.3, 0.3]
		},
		"ground": {
			"translation": [0, 13.5, 0],
			"scale": [2, 2, 2]
		},
		"gui": {
			"translation": [0, -3.75, 0],
			"scale": [0.6, 0.6, 0.6]
		},
		"head": {
			"rotation": [-55.5, 0, 0],
			"translation": [0, -23.75, -3.5],
			"scale": [0.4, 0.4, 0.4]
		},
		"fixed": {
			"rotation": [-90, 0, 0],
			"translation": [0, 0, -19],
			"scale": [2.5, 2.5, 2.5]
		}
	},
	"groups": [0,
		{
			"name": "group",
			"origin": [12, 24, 12],
			"children": [1, 2, 3, 4,
				{
					"name": "group",
					"origin": [19, 17, 21],
					"children": [5, 6, 7, 8, 9, 10, 11, 12, 13, 14, 15, 16]
				},
				{
					"name": "group",
					"origin": [19, 24, 19],
					"children": [17, 18, 19, 20, 21, 22, 23, 24, 25, 26, 27, 28]
				},
				{
					"name": "group",
					"origin": [20, 14, 12],
					"children": [29, 30, 31, 32, 33, 34, 35, 36]
				}
			]
		},
		{
			"name": "group",
			"origin": [17, 35, 14],
			"children": [37, 38, 39, 40,
				{
					"name": "group",
					"origin": [17, 30, 9],
					"children": []
				}, 41,
				{
					"name": "group",
					"origin": [17, 28, 10],
					"children": []
				},
				{
					"name": "group",
					"origin": [11, 36, 9],
					"children": [42, 43, 44, 45, 46, 47, 48, 49]
				}, 50, 51, 52, 53, 54, 55, 56, 57]
		},
		{
			"name": "group",
			"origin": [10, 29, 10],
			"children": [58, 59, 60, 61, 62, 63, 64, 65, 66, 67, 68, 69, 70, 71, 72, 73, 74]
		}
	]
}