{
    "providers": [
		{
            "type": "ttf", 
            "file": "minecraft:negative_spaces.ttf", 
            "shift": [0.0, 0.0], 
            "size": 10.0, 
            "oversample": 1.0
        },
        {
            "type": "bitmap",
            "file": "minecraft:rank/fondateur.png",
            "ascent": 7,
            "height": 7,
            "chars": ["\uE001"]
        },

        {
            "type": "bitmap",
            "file": "minecraft:rank/administrateur.png",
            "ascent": 7,
            "height": 7,
            "chars": ["\uE002"]
        },

        {
            "type": "bitmap",
            "file": "minecraft:rank/chef-mod.png",
            "ascent": 7,
            "height": 7,
            "chars": ["\uE003"]
        },

        {
            "type": "bitmap",
            "file": "minecraft:rank/chef-dev.png",
            "ascent": 7,
            "height": 7,
            "chars": ["\uE004"]
        },

        {
            "type": "bitmap",
            "file": "minecraft:rank/chef-builder.png",
            "ascent": 7,
            "height": 7,
            "chars": ["\uE005"]
        },

        {
            "type": "bitmap",
            "file": "minecraft:rank/builder.png",
            "ascent": 7,
            "height": 7,
            "chars": ["\uE006"]
        },

        {
            "type": "bitmap",
            "file": "minecraft:rank/dev.png",
            "ascent": 7,
            "height": 7,
            "chars": ["\uE007"]
        },

        {
            "type": "bitmap",
            "file": "minecraft:rank/noble.png",
            "ascent": 7,
            "height": 7,
            "chars": ["\uE008"]
        },

        {
            "type": "bitmap",
            "file": "minecraft:rank/bourgeois.png",
            "ascent": 7,
            "height": 7,
            "chars": ["\uE009"]
        },

        {
            "type": "bitmap",
            "file": "minecraft:rank/paysan.png",
            "ascent": 7,
            "height": 7,
            "chars": ["\uE010"]
        },

        {
            "type": "bitmap",
            "file": "minecraft:rank/joueur.png",
            "ascent": 7,
            "height": 7,
            "chars": ["\uE011"]
        },

        {
            "type": "bitmap",
            "file": "minecraft:rank/fondateur.png",
            "ascent": 6,
            "height": 6,
            "chars": ["\uE012"]
        },

        {
            "type": "bitmap",
            "file": "minecraft:rank/administrateur.png",
            "ascent": 6,
            "height": 6,
            "chars": ["\uE013"]
        },

        {
            "type": "bitmap",
            "file": "minecraft:rank/chef-mod.png",
            "ascent": 6,
            "height": 6,
            "chars": ["\uE014"]
        },

        {
            "type": "bitmap",
            "file": "minecraft:rank/chef-dev.png",
            "ascent": 6,
            "height": 6,
            "chars": ["\uE015"]
        },

        {
            "type": "bitmap",
            "file": "minecraft:rank/chef-builder.png",
            "ascent": 6,
            "height": 6,
            "chars": ["\uE016"]
        },

        {
            "type": "bitmap",
            "file": "minecraft:rank/builder.png",
            "ascent": 6,
            "height": 6,
            "chars": ["\uE017"]
        },

        {
            "type": "bitmap",
            "file": "minecraft:rank/dev.png",
            "ascent": 6,
            "height": 6,
            "chars": ["\uE018"]
        },

        {
            "type": "bitmap",
            "file": "minecraft:rank/noble.png",
            "ascent": 6,
            "height": 6,
            "chars": ["\uE019"]
        },

        {
            "type": "bitmap",
            "file": "minecraft:rank/bourgeois.png",
            "ascent": 6,
            "height": 6,
            "chars": ["\uE020"]
        },

        {
            "type": "bitmap",
            "file": "minecraft:rank/paysan.png",
            "ascent": 6,
            "height": 6,
            "chars": ["\uE021"]
        },

        {
            "type": "bitmap",
            "file": "minecraft:rank/joueur.png",
            "ascent": 6,
            "height": 6,
            "chars": ["\uE022"]
        },

        {
            "type": "bitmap",
            "file": "minecraft:rank/discord.png",
            "ascent": 8,
            "height": 8,
            "chars": ["\uEdd1"]
        },

        {
            "type": "bitmap",
            "file": "minecraft:gui/container/brewing_guide_left.png",
            "ascent": 13,
            "height": 166,
            "chars": [
                "\uEff1"
            ]
        },
        {
            "type": "bitmap",
            "file": "minecraft:gui/container/brewing_guide_right.png",
            "ascent": 13,
            "height": 166,
            "chars": [
                "\uEff2"
            ]
        },
        {
            "type": "bitmap",
            "file": "minecraft:misc/hunger_half.png",
            "ascent": 8,
            "height": 16,
            "chars": [
                "\uEff3"
            ]
        },
        {
            "type": "bitmap",
            "file": "minecraft:misc/hunger_full.png",
            "ascent": 8,
            "height": 16,
            "chars": [
                "\uEff4"
            ]
        },
        {
            "type": "bitmap",
            "file": "minecraft:misc/mnkacraft.png",
            "ascent": 8,
            "height": 48,
            "chars": [
                "\uEff5"
            ]
        },
        {
            "type": "bitmap",
            "file": "minecraft:misc/credit.png",
            "ascent": 27,
            "height": 48,
            "chars": [
                "\uEff6"
            ]
        },
        {
            "type": "bitmap",
            "file": "minecraft:guis/firstjoingui/1.1.png",
            "ascent": 26,"height": 80,
            "chars": [
                "\uE101"
            ]
        },
        {
            "type": "bitmap",
            "file": "minecraft:guis/firstjoingui/1.2.png",
            "ascent": 26,"height": 80,
            "chars": [
                "\uE102"
            ]
        },
        {
            "type": "bitmap",
            "file": "minecraft:guis/firstjoingui/1.3.png",
            "ascent": 26,"height": 80,
            "chars": [
                "\uE103"
            ]
        },
        {
            "type": "bitmap",
            "file": "minecraft:guis/firstjoingui/2.1.png",
            "ascent": -54,"height": 80,
            "chars": [
                "\uE104"
            ]
        },
        {
            "type": "bitmap",
            "file": "minecraft:guis/firstjoingui/2.2.png",
            "ascent": -54,"height": 80,
            "chars": [
                "\uE105"
            ]
        },
        {
            "type": "bitmap",
            "file": "minecraft:guis/firstjoingui/2.3.png",
            "ascent": -54,"height": 80,
            "chars": [
                "\uE106"
            ]
        },
        {
            "type": "bitmap",
            "file": "minecraft:guis/firstjoingui/3.1.png",
            "ascent": -134.5,"height": 80,
            "chars": [
                "\uE107"
            ]
        },
        {
            "type": "bitmap",
            "file": "minecraft:guis/firstjoingui/3.2.png",
            "ascent": -134.5,"height": 80,
            "chars": [
                "\uE108"
            ]
        },
        {
            "type": "bitmap",
            "file": "minecraft:guis/firstjoingui/3.3.png",
            "ascent": -134.5,"height": 80,
            "chars": [
                "\uE109"
            ]
        },
        {
            "type": "bitmap",
            "file": "minecraft:emoji/thumbsup.png",
            "ascent": 8,
            "height": 8,
            "chars": [
                "\uF001"
            ]
        },
        {
            "type": "bitmap",
            "file": "minecraft:emoji/thumbsdown.png",
            "ascent": 8,
            "height": 8,
            "chars": [
                "\uF002"
            ]
        },
        {
            "type": "bitmap",
            "file": "minecraft:emoji/heart.png",
            "ascent": 8,
            "height": 8,
            "chars": [
                "\uF003"
            ]
        },
        {
            "type": "bitmap",
            "file": "minecraft:emoji/grin.png",
            "ascent": 8,
            "height": 8,
            "chars": [
                "\uF004"
            ]
        },
        {
            "type": "bitmap",
            "file": "minecraft:emoji/sob.png",
            "ascent": 8,
            "height": 8,
            "chars": [
                "\uF005"
            ]
        },
        {
            "type": "bitmap",
            "file": "minecraft:emoji/rofl.png",
            "ascent": 8,
            "height": 8,
            "chars": [
                "\uF006"
            ]
        },
        {
            "type": "bitmap",
            "file": "minecraft:emoji/face_with_raised_eyebrow.png",
            "ascent": 8,
            "height": 8,
            "chars": [
                "\uF007"
            ]
        },
        {
            "type": "bitmap",
            "file": "minecraft:emoji/nerd.png",
            "ascent": 8,
            "height": 8,
            "chars": [
                "\uF008"
            ]
        },
        {
            "type": "bitmap",
            "file": "minecraft:emoji/thinking.png",
            "ascent": 8,
            "height": 8,
            "chars": [
                "\uF009"
            ]
        },
        {
            "type": "bitmap",
            "file": "minecraft:emoji/exploding_head.png",
            "ascent": 8,
            "height": 8,
            "chars": [
                "\uF00A"
            ]
        },
        {
            "type": "bitmap",
            "file": "minecraft:emoji/skull.png",
            "ascent": 8,
            "height": 8,
            "chars": [
                "\uF00B"
            ]
        },
        {
            "type": "bitmap",
            "file": "minecraft:emoji/heart_eyes.png",
            "ascent": 8,
            "height": 8,
            "chars": [
                "\uF00C"
            ]
        },
        {
            "type": "bitmap",
            "file": "minecraft:emoji/worried.png",
            "ascent": 8,
            "height": 8,
            "chars": [
                "\uF00D"
            ]
        },
        {
            "type": "bitmap",
            "file": "minecraft:emoji/star.png",
            "ascent": 8,
            "height": 8,
            "chars": [
                "\uF00E"
            ]
        }
    ]
}