{
	"credit": "Made with Blockbench",
	"parent": "book",
	"textures": {
		"0": "block/book1",
		"1": "block/book2",
		"2": "block/book3",
		"3": "block/book4",
		"4": "block/book5",
		"5": "block/book6",
		"6": "block/book7",
		"7": "block/book8",
		"8": "block/book9",
		"9": "block/book10",
		"10": "block/book11",
		"11": "block/book12",
		"12": "block/book13",
		"13": "block/book14",
		"14": "block/book15",
		"15": "block/book16",
		"particle": "block/book1"
	},
	"elements": [
		{
			"from": [-4, 0, 5],
			"to": [12, 1, 15],
			"rotation": {"angle": 22.5, "axis": "y", "origin": [0, 4, 0]},
			"faces": {
				"north": {"uv": [0, 0, 16, 1], "texture": "#15"},
				"east": {"uv": [0, 6, 10, 7], "texture": "#15"},
				"south": {"uv": [0, 5, 16, 6], "texture": "#15"},
				"west": {"uv": [0, 4, 10, 5], "texture": "#15"},
				"up": {"uv": [0, 0, 16, 10], "texture": "#14"},
				"down": {"uv": [0, 0, 16, 10], "rotation": 180, "texture": "#14"}
			}
		},
		{
			"from": [-3, 1, 6],
			"to": [11, 3, 14.5],
			"rotation": {"angle": 22.5, "axis": "y", "origin": [0, 4, 0]},
			"faces": {
				"north": {"uv": [0, 0, 14, 2], "texture": "#missing"},
				"east": {"uv": [0, 0, 8.5, 2], "texture": "#5"},
				"south": {"uv": [0, 0, 14, 2], "texture": "#5"},
				"west": {"uv": [0, 0, 8.5, 2], "texture": "#5"},
				"up": {"uv": [0, 0, 14, 8.5], "texture": "#missing"},
				"down": {"uv": [0, 0, 14, 8.5], "texture": "#missing"}
			}
		},
		{
			"from": [-4, 3, 5],
			"to": [12, 4, 15],
			"rotation": {"angle": 22.5, "axis": "y", "origin": [0, 4, 0]},
			"faces": {
				"north": {"uv": [0, 0, 16, 1], "texture": "#15"},
				"east": {"uv": [0, 6, 10, 7], "texture": "#15"},
				"south": {"uv": [0, 5, 16, 6], "texture": "#15"},
				"west": {"uv": [0, 4, 10, 5], "texture": "#15"},
				"up": {"uv": [0, 0, 16, 10], "texture": "#14"},
				"down": {"uv": [0, 0, 16, 10], "rotation": 180, "texture": "#14"}
			}
		},
		{
			"from": [-4, 1, 5],
			"to": [12, 3, 6],
			"rotation": {"angle": 22.5, "axis": "y", "origin": [0, 4, 0]},
			"faces": {
				"north": {"uv": [0, 2, 16, 4], "texture": "#15"},
				"east": {"uv": [0, 0, 1, 2], "texture": "#15"},
				"south": {"uv": [0, 2, 16, 4], "texture": "#15"},
				"west": {"uv": [0, 0, 1, 2], "texture": "#15"},
				"up": {"uv": [0, 0, 16, 1], "texture": "#missing"},
				"down": {"uv": [0, 0, 16, 1], "texture": "#missing"}
			}
		},
		{
			"from": [4, 7, -2],
			"to": [20, 8, 8],
			"rotation": {"angle": -22.5, "axis": "y", "origin": [0, 4, 0]},
			"faces": {
				"north": {"uv": [0, 3, 16, 4], "texture": "#13"},
				"east": {"uv": [0, 2, 10, 3], "texture": "#13"},
				"south": {"uv": [0, 0, 16, 1], "texture": "#13"},
				"west": {"uv": [0, 1, 10, 2], "texture": "#13"},
				"up": {"uv": [0, 0, 16, 10], "rotation": 180, "texture": "#12"},
				"down": {"uv": [0, 0, 16, 10], "texture": "#12"}
			}
		},
		{
			"from": [5, 5, -1.5],
			"to": [19, 7, 7],
			"rotation": {"angle": -22.5, "axis": "y", "origin": [0, 4, 0]},
			"faces": {
				"north": {"uv": [0, 0, 14, 2], "texture": "#5"},
				"east": {"uv": [0, 0, 8.5, 2], "texture": "#5"},
				"south": {"uv": [0, 0, 14, 2], "texture": "#missing"},
				"west": {"uv": [0, 0, 8.5, 2], "texture": "#5"},
				"up": {"uv": [0, 0, 14, 8.5], "rotation": 180, "texture": "#missing"},
				"down": {"uv": [0, 0, 14, 8.5], "rotation": 180, "texture": "#missing"}
			}
		},
		{
			"from": [4, 5, 7],
			"to": [20, 7, 8],
			"rotation": {"angle": -22.5, "axis": "y", "origin": [0, 4, 0]},
			"faces": {
				"north": {"uv": [0, 6, 16, 8], "texture": "#13"},
				"east": {"uv": [0, 4, 1, 6], "texture": "#13"},
				"south": {"uv": [0, 6, 16, 8], "texture": "#13"},
				"west": {"uv": [0, 4, 1, 6], "texture": "#13"},
				"up": {"uv": [0, 0, 16, 1], "rotation": 180, "texture": "#missing"},
				"down": {"uv": [0, 0, 16, 1], "rotation": 180, "texture": "#missing"}
			}
		},
		{
			"from": [4, 4, -2],
			"to": [20, 5, 8],
			"rotation": {"angle": -22.5, "axis": "y", "origin": [0, 4, 0]},
			"faces": {
				"north": {"uv": [0, 3, 16, 4], "texture": "#13"},
				"east": {"uv": [0, 2, 10, 3], "texture": "#13"},
				"south": {"uv": [0, 0, 16, 1], "texture": "#13"},
				"west": {"uv": [0, 1, 10, 2], "texture": "#13"},
				"up": {"uv": [0, 0, 16, 10], "rotation": 180, "texture": "#12"},
				"down": {"uv": [0, 0, 16, 10], "texture": "#12"}
			}
		},
		{
			"from": [4, 8, 0],
			"to": [14, 9, 16],
			"rotation": {"angle": 0, "axis": "y", "origin": [0, 14, 15]},
			"faces": {
				"north": {"uv": [0, 0, 10, 1], "texture": "#11"},
				"east": {"uv": [0, 3, 16, 4], "texture": "#11"},
				"south": {"uv": [0, 1, 10, 2], "texture": "#11"},
				"west": {"uv": [0, 2, 16, 3], "texture": "#11"},
				"up": {"uv": [0, 0, 16, 10], "rotation": 270, "texture": "#9"},
				"down": {"uv": [0, 0, 16, 10], "rotation": 90, "texture": "#10"}
			}
		},
		{
			"from": [5, 9, 1],
			"to": [13.5, 12, 15],
			"rotation": {"angle": 0, "axis": "y", "origin": [0, 14, 15]},
			"faces": {
				"north": {"uv": [0, 0, 8.5, 3], "texture": "#7"},
				"east": {"uv": [0, 0, 14, 3], "texture": "#7"},
				"south": {"uv": [0, 0, 8.5, 3], "texture": "#7"},
				"west": {"uv": [0, 0, 14, 3], "texture": "#missing"},
				"up": {"uv": [0, 0, 14, 8.5], "rotation": 270, "texture": "#missing"},
				"down": {"uv": [0, 0, 14, 8.5], "rotation": 90, "texture": "#missing"}
			}
		},
		{
			"from": [4, 12, 0],
			"to": [14, 13, 16],
			"rotation": {"angle": 0, "axis": "y", "origin": [0, 14, 15]},
			"faces": {
				"north": {"uv": [0, 0, 10, 1], "texture": "#11"},
				"east": {"uv": [0, 3, 16, 4], "texture": "#11"},
				"south": {"uv": [0, 1, 10, 2], "texture": "#11"},
				"west": {"uv": [0, 2, 16, 3], "texture": "#11"},
				"up": {"uv": [0, 0, 16, 10], "rotation": 270, "texture": "#9"},
				"down": {"uv": [0, 0, 16, 10], "rotation": 270, "texture": "#9"}
			}
		},
		{
			"from": [4, 9, 0],
			"to": [5, 12, 16],
			"rotation": {"angle": 0, "axis": "y", "origin": [0, 14, 15]},
			"faces": {
				"north": {"uv": [0, 0, 1, 3], "texture": "#8"},
				"east": {"uv": [0, 0, 16, 3], "texture": "#8"},
				"south": {"uv": [0, 0, 1, 3], "texture": "#8"},
				"west": {"uv": [0, 0, 16, 3], "texture": "#8"},
				"up": {"uv": [0, 0, 16, 1], "rotation": 270, "texture": "#missing"},
				"down": {"uv": [0, 0, 16, 1], "rotation": 90, "texture": "#missing"}
			}
		},
		{
			"from": [3, 15.5, 12],
			"to": [19, 16.5, 22],
			"rotation": {"angle": 45, "axis": "y", "origin": [0, 14, 15]},
			"faces": {
				"north": {"uv": [0, 0, 16, 1], "texture": "#4"},
				"east": {"uv": [0, 0, 10, 1], "rotation": 180, "texture": "#1"},
				"south": {"uv": [0, 0, 16, 1], "texture": "#0"},
				"west": {"uv": [0, 0, 10, 1], "texture": "#1"},
				"up": {"uv": [0, 0, 16, 10], "rotation": 180, "texture": "#0"},
				"down": {"uv": [0, 0, 16, 10], "texture": "#0"}
			}
		},
		{
			"from": [4, 14, 12.5],
			"to": [18, 15.5, 21],
			"rotation": {"angle": 45, "axis": "y", "origin": [0, 14, 15]},
			"faces": {
				"north": {"uv": [0, 0, 14, 1.5], "texture": "#5"},
				"east": {"uv": [0, 0, 8.5, 1.5], "texture": "#5"},
				"south": {"uv": [0, 0, 14, 1.5], "texture": "#missing"},
				"west": {"uv": [0, 0, 8.5, 1.5], "texture": "#5"},
				"up": {"uv": [0, 0, 14, 8.5], "rotation": 180, "texture": "#missing"},
				"down": {"uv": [0, 0, 14, 8.5], "rotation": 180, "texture": "#missing"}
			}
		},
		{
			"from": [3, 14, 21],
			"to": [19, 15.5, 22],
			"rotation": {"angle": 45, "axis": "y", "origin": [0, 14, 15]},
			"faces": {
				"north": {"uv": [0, 15, 16, 16.5], "texture": "#0"},
				"east": {"uv": [0, 0, 1, 1.5], "texture": "#0"},
				"south": {"uv": [0, 0, 16, 1.5], "texture": "#2"},
				"west": {"uv": [0, 0, 1, 1.5], "texture": "#0"},
				"up": {"uv": [0, 0, 16, 1], "rotation": 180, "texture": "#missing"},
				"down": {"uv": [0, 0, 16, 1], "rotation": 180, "texture": "#missing"}
			}
		},
		{
			"from": [3, 13, 12],
			"to": [19, 14, 22],
			"rotation": {"angle": 45, "axis": "y", "origin": [0, 14, 15]},
			"faces": {
				"north": {"uv": [0, 0, 16, 1], "texture": "#4"},
				"east": {"uv": [0, 0, 10, 1], "texture": "#6"},
				"south": {"uv": [0, 0, 16, 1], "texture": "#3"},
				"west": {"uv": [0, 0, 10, 1], "texture": "#1"},
				"up": {"uv": [0, 0, 16, 10], "rotation": 180, "texture": "#0"},
				"down": {"uv": [0, 0, 16, 10], "texture": "#0"}
			}
		}
	],
	"display": {
		"thirdperson_righthand": {
			"translation": [0, -0.5, 0],
			"scale": [0.5, 0.5, 0.5]
		},
		"thirdperson_lefthand": {
			"translation": [0, -0.5, 0],
			"scale": [0.5, 0.5, 0.5]
		},
		"firstperson_righthand": {
			"rotation": [0, 0, -11.5],
			"scale": [0.75, 0.75, 0.75]
		},
		"firstperson_lefthand": {
			"rotation": [0, 0, -11.5],
			"scale": [0.75, 0.75, 0.75]
		},
		"ground": {
			"translation": [0, 3, 0],
			"scale": [0.75, 0.75, 0.75]
		},
		"gui": {
			"rotation": [28.5, 28.75, 0],
			"scale": [0.75, 0.75, 0.75]
		},
		"head": {
			"translation": [0, 12.5, 0],
			"scale": [0.75, 0.75, 0.75]
		},
		"fixed": {
			"rotation": [-90, 0, 0],
			"translation": [0, 0, -11],
			"scale": [1.5, 1.5, 1.5]
		}
	}
}