{
    "sources": [
        {
            "type": "single",
            "resource": "minecraft:items/customtotem1"
        },
        {
            "type": "single",
            "resource": "minecraft:items/tpstaff"
        },
        {
            "type": "single",
            "resource": "minecraft:guis/quick_menu/icons/world_savane"
        },
        {
            "type": "single",
            "resource": "minecraft:guis/quick_menu/icons/world_jungle"
        },
        {
            "type": "single",
            "resource": "minecraft:guis/quick_menu/icons/world_plage"
        },
        {
            "type": "single",
            "resource": "minecraft:guis/quick_menu/icons/world_grass"
        },
        {
            "type": "single",
            "resource": "minecraft:guis/quick_menu/icons/world_minage"
        },
        {
            "type": "single",
            "resource": "minecraft:guis/quick_menu/icons/home_bed"
        },
        {
            "type": "single",
            "resource": "minecraft:guis/quick_menu/icons/staff_inventories"
        },
        {
            "type": "single",
            "resource": "minecraft:guis/quick_menu/icons/world_staff"
        },
        {
            "type": "single",
            "resource": "minecraft:guis/quick_menu/icons/world_lobby"
        }
    ]
}