{
    "parent": "item/generated",
    "textures": {
        "layer0": "item/book"
    },
    
    "overrides": [
    {"predicate": {"custom_model_data":1}, "model": "item/custom/pileofbook"},
    {"predicate": {"custom_model_data":2}, "model": "item/custom/computer"},
    {"predicate": {"custom_model_data":3}, "model": "item/custom/pedestal"},
    {"predicate": {"custom_model_data":4}, "model": "item/custom/table"},
    {"predicate": {"custom_model_data":5}, "model": "item/custom/small_chinese_fountain"},
    {"predicate": {"custom_model_data":6}, "model": "item/custom/satan"},
    {"predicate": {"custom_model_data":7}, "model": "item/custom/secret_door"},
    {"predicate": {"custom_model_data":8}, "model": "item/custom/secret_door_open"},
    {"predicate": {"custom_model_data":9}, "model": "item/custom/kepi"},
    {"predicate": {"custom_model_data":10}, "model": "item/custom/dev_cape"},
    {"predicate": {"custom_model_data":11}, "model": "item/custom/frigo"},
    {"predicate": {"custom_model_data":12}, "model": "item/custom/plateonebean"},
    {"predicate": {"custom_model_data":13}, "model": "item/custom/sofasmall"},
    {"predicate": {"custom_model_data":14}, "model": "item/custom/sofaleft"},
    {"predicate": {"custom_model_data":15}, "model": "item/custom/sofacenter"},
    {"predicate": {"custom_model_data":16}, "model": "item/custom/sofaright"},
    {"predicate": {"custom_model_data":17}, "model": "item/custom/barrelfish_cod"}
    

    ]
}