{
	"credit": "Made with Blockbench",
	"parent": "book",
	"textures": {
		"1": "block/table/piedtable",
		"2": "block/table/bordertable",
		"3": "block/table/toptable",
		"4": "block/table/carpettable",
		"particle": "block/table/carpettable"
	},
	"elements": [
		{
			"from": [-1, 0, 0],
			"to": [1, 12, 2],
			"faces": {
				"north": {"uv": [0, 0, 2, 12], "texture": "#1"},
				"east": {"uv": [0, 0, 2, 12], "texture": "#1"},
				"south": {"uv": [0, 0, 2, 12], "texture": "#1"},
				"west": {"uv": [0, 0, 2, 12], "texture": "#1"},
				"up": {"uv": [0, 0, 2, 2], "texture": "#1"},
				"down": {"uv": [0, 0, 2, 2], "texture": "#1"}
			}
		},
		{
			"from": [29, 0, 14],
			"to": [31, 12, 16],
			"faces": {
				"north": {"uv": [10, 3, 12, 15], "texture": "#1"},
				"east": {"uv": [5, 2, 7, 14], "texture": "#1"},
				"south": {"uv": [0, 0, 2, 12], "texture": "#1"},
				"west": {"uv": [9, 4, 11, 16], "texture": "#1"},
				"up": {"uv": [0, 0, 2, 2], "texture": "#1"},
				"down": {"uv": [0, 0, 2, 2], "texture": "#1"}
			}
		},
		{
			"from": [29, 0, 0],
			"to": [31, 12, 2],
			"faces": {
				"north": {"uv": [8, 4, 10, 16], "texture": "#1"},
				"east": {"uv": [13, 4, 15, 16], "texture": "#1"},
				"south": {"uv": [14, 3, 16, 15], "texture": "#1"},
				"west": {"uv": [0, 0, 2, 12], "texture": "#1"},
				"up": {"uv": [0, 0, 2, 2], "texture": "#1"},
				"down": {"uv": [0, 0, 2, 2], "texture": "#1"}
			}
		},
		{
			"from": [-1, 0, 14],
			"to": [1, 12, 16],
			"faces": {
				"north": {"uv": [13, 4, 15, 16], "texture": "#1"},
				"east": {"uv": [12, 4, 14, 16], "texture": "#1"},
				"south": {"uv": [8, 0, 10, 12], "texture": "#1"},
				"west": {"uv": [8, 4, 10, 16], "texture": "#1"},
				"up": {"uv": [0, 0, 2, 2], "texture": "#1"},
				"down": {"uv": [0, 0, 2, 2], "texture": "#1"}
			}
		},
		{
			"from": [-1, 12, 0],
			"to": [31, 13.5, 16],
			"faces": {
				"north": {"uv": [0, 0, 16, 1.5], "texture": "#2"},
				"east": {"uv": [0, 2, 16, 3.5], "texture": "#2"},
				"south": {"uv": [0, 0, 16, 1.5], "texture": "#2"},
				"west": {"uv": [0, 2, 16, 3.5], "texture": "#2"},
				"up": {"uv": [0, 0, 16, 16], "texture": "#3"},
				"down": {"uv": [0, 0, 16, 16], "texture": "#3"}
			}
		},
		{
			"from": [-0.999, 0, 0.001],
			"to": [15.001, 1, 15.999],
			"faces": {
				"north": {"uv": [0, 0, 16, 1], "texture": "#4"},
				"east": {"uv": [0, 0, 15.998, 1], "texture": "#4"},
				"south": {"uv": [0, 0, 16, 1], "texture": "#4"},
				"west": {"uv": [0, 0, 15.998, 1], "texture": "#4"},
				"up": {"uv": [0, 0, 16, 15.998], "texture": "#4"},
				"down": {"uv": [0, 0, 16, 15.998], "texture": "#4"}
			}
		},
		{
			"from": [14.999, 0, 0.001],
			"to": [30.999, 1, 15.999],
			"faces": {
				"north": {"uv": [0, 0, 16, 1], "texture": "#4"},
				"east": {"uv": [0, 0, 15.998, 1], "texture": "#4"},
				"south": {"uv": [0, 0, 16, 1], "texture": "#4"},
				"west": {"uv": [0, 0, 15.998, 1], "texture": "#4"},
				"up": {"uv": [0, 0, 16, 15.998], "texture": "#4"},
				"down": {"uv": [0, 0, 16, 15.998], "texture": "#4"}
			}
		}
	],
	"display": {
		"ground": {
			"translation": [-4.25, 0, 0],
			"scale": [0.5, 0.5, 0.5]
		},
		"fixed": {
			"rotation": [-90, 0, 0],
			"translation": [2, 0, -48],
			"scale": [2, 2, 2]
		}
	}
}